run,metric,type,initial_points,missing_before,outliers_removed,missing_after_outliers,interpolated,remaining_missing,removed_percent,interpolated_percent
results\run_5m\run_5m_0udp_bbr_5Ghz\run_20260924_165558,rssi_dbm,continuous,96,0,1,1,1,0,1.0416666666666665,1.0416666666666665
results\run_5m\run_5m_0udp_bbr_5Ghz\run_20260924_165558,snr_db,continuous,96,96,0,96,0,96,0.0,0.0
results\run_5m\run_5m_0udp_bbr_5Ghz\run_20260924_165558,tx_bitrate_mbps,continuous,96,0,0,0,0,0,0.0,0.0
results\run_5m\run_5m_0udp_bbr_5Ghz\run_20260924_165558,rx_bitrate_mbps,continuous,96,0,1,1,1,0,1.0416666666666665,1.0416666666666665
results\run_5m\run_5m_0udp_bbr_5Ghz\run_20260924_165558,signal_avg,continuous,96,0,5,5,2,3,5.208333333333334,2.083333333333333
results\run_5m\run_5m_0udp_bbr_5Ghz\run_20260924_165558,expected_throughput,continuous,96,96,0,96,0,96,0.0,0.0
results\run_5m\run_5m_0udp_bbr_5Ghz\run_20260924_165558,rtt_ms,continuous,96,2,1,3,1,2,1.0416666666666665,1.0416666666666665
results\run_5m\run_5m_0udp_bbr_5Ghz\run_20260924_165558,rttvar_ms,continuous,96,2,3,5,3,2,3.125,3.125
results\run_5m\run_5m_0udp_bbr_5Ghz\run_20260924_165558,cwnd,continuous,96,2,0,2,0,2,0.0,0.0
results\run_5m\run_5m_0udp_bbr_5Ghz\run_20260924_165558,throughput_mbps,continuous,96,4,3,7,4,3,3.125,4.166666666666666
results\run_5m\run_5m_0udp_bbr_5Ghz\run_20260924_165558,frequency_mhz,discrete,96,0,0,0,0,0,0.0,0.0
results\run_5m\run_5m_0udp_bbr_5Ghz\run_20260924_165558,channel,discrete,96,0,0,0,0,0,0.0,0.0
results\run_5m\run_5m_0udp_bbr_5Ghz\run_20260924_165558,mcs,discrete,96,0,0,0,0,0,0.0,0.0
results\run_5m\run_5m_0udp_bbr_5Ghz\run_20260924_165558,tx_retries,counter,96,0,0,0,0,0,0.0,0.0
results\run_5m\run_5m_0udp_bbr_5Ghz\run_20260924_165558,tx_failed,counter,96,0,0,0,0,0,0.0,0.0
results\run_5m\run_5m_0udp_bbr_5Ghz\run_20260924_165558,retrans,counter,96,2,0,2,0,2,0.0,0.0
results\run_5m\run_5m_0udp_bbr_5Ghz\run_20260924_165558,lost,counter,96,94,0,94,0,94,0.0,0.0
results\run_5m\run_5m_0udp_bbr_5Ghz\run_20260924_165558,total_retrans,counter,96,2,0,2,0,2,0.0,0.0
results\run_5m\run_5m_0udp_bbr_5Ghz\run_20260924_171216,rssi_dbm,continuous,99,0,0,0,0,0,0.0,0.0
results\run_5m\run_5m_0udp_bbr_5Ghz\run_20260924_171216,snr_db,continuous,99,99,0,99,0,99,0.0,0.0
results\run_5m\run_5m_0udp_bbr_5Ghz\run_20260924_171216,tx_bitrate_mbps,continuous,99,0,5,5,3,2,5.05050505050505,3.0303030303030303
results\run_5m\run_5m_0udp_bbr_5Ghz\run_20260924_171216,rx_bitrate_mbps,continuous,99,0,0,0,0,0,0.0,0.0
results\run_5m\run_5m_0udp_bbr_5Ghz\run_20260924_171216,signal_avg,continuous,99,0,2,2,1,1,2.0202020202020203,1.0101010101010102
results\run_5m\run_5m_0udp_bbr_5Ghz\run_20260924_171216,expected_throughput,continuous,99,99,0,99,0,99,0.0,0.0
results\run_5m\run_5m_0udp_bbr_5Ghz\run_20260924_171216,rtt_ms,continuous,99,2,3,5,2,3,3.0303030303030303,2.0202020202020203
results\run_5m\run_5m_0udp_bbr_5Ghz\run_20260924_171216,rttvar_ms,continuous,99,2,1,3,0,3,1.0101010101010102,0.0
results\run_5m\run_5m_0udp_bbr_5Ghz\run_20260924_171216,cwnd,continuous,99,2,0,2,0,2,0.0,0.0
results\run_5m\run_5m_0udp_bbr_5Ghz\run_20260924_171216,throughput_mbps,continuous,99,8,1,9,3,6,1.0101010101010102,3.0303030303030303
results\run_5m\run_5m_0udp_bbr_5Ghz\run_20260924_171216,frequency_mhz,discrete,99,0,0,0,0,0,0.0,0.0
results\run_5m\run_5m_0udp_bbr_5Ghz\run_20260924_171216,channel,discrete,99,0,0,0,0,0,0.0,0.0
results\run_5m\run_5m_0udp_bbr_5Ghz\run_20260924_171216,mcs,discrete,99,0,0,0,0,0,0.0,0.0
results\run_5m\run_5m_0udp_bbr_5Ghz\run_20260924_171216,tx_retries,counter,99,0,0,0,0,0,0.0,0.0
results\run_5m\run_5m_0udp_bbr_5Ghz\run_20260924_171216,tx_failed,counter,99,0,0,0,0,0,0.0,0.0
results\run_5m\run_5m_0udp_bbr_5Ghz\run_20260924_171216,retrans,counter,99,3,0,3,0,3,0.0,0.0
results\run_5m\run_5m_0udp_bbr_5Ghz\run_20260924_171216,lost,counter,99,99,0,99,0,99,0.0,0.0
results\run_5m\run_5m_0udp_bbr_5Ghz\run_20260924_171216,total_retrans,counter,99,3,0,3,0,3,0.0,0.0
results\run_5m\run_5m_0udp_bbr_5Ghz\run_20260924_171538,rssi_dbm,continuous,109,0,0,0,0,0,0.0,0.0
results\run_5m\run_5m_0udp_bbr_5Ghz\run_20260924_171538,snr_db,continuous,109,109,0,109,0,109,0.0,0.0
results\run_5m\run_5m_0udp_bbr_5Ghz\run_20260924_171538,tx_bitrate_mbps,continuous,109,0,0,0,0,0,0.0,0.0
results\run_5m\run_5m_0udp_bbr_5Ghz\run_20260924_171538,rx_bitrate_mbps,continuous,109,0,2,2,2,0,1.834862385321101,1.834862385321101
results\run_5m\run_5m_0udp_bbr_5Ghz\run_20260924_171538,signal_avg,continuous,109,0,3,3,3,0,2.7522935779816518,2.7522935779816518
results\run_5m\run_5m_0udp_bbr_5Ghz\run_20260924_171538,expected_throughput,continuous,109,109,0,109,0,109,0.0,0.0
results\run_5m\run_5m_0udp_bbr_5Ghz\run_20260924_171538,rtt_ms,continuous,109,2,1,3,1,2,0.9174311926605505,0.9174311926605505
results\run_5m\run_5m_0udp_bbr_5Ghz\run_20260924_171538,rttvar_ms,continuous,109,2,2,4,2,2,1.834862385321101,1.834862385321101
results\run_5m\run_5m_0udp_bbr_5Ghz\run_20260924_171538,cwnd,continuous,109,2,2,4,2,2,1.834862385321101,1.834862385321101
results\run_5m\run_5m_0udp_bbr_5Ghz\run_20260924_171538,throughput_mbps,continuous,109,3,0,3,0,3,0.0,0.0
results\run_5m\run_5m_0udp_bbr_5Ghz\run_20260924_171538,frequency_mhz,discrete,109,0,0,0,0,0,0.0,0.0
results\run_5m\run_5m_0udp_bbr_5Ghz\run_20260924_171538,channel,discrete,109,0,0,0,0,0,0.0,0.0
results\run_5m\run_5m_0udp_bbr_5Ghz\run_20260924_171538,mcs,discrete,109,0,0,0,0,0,0.0,0.0
results\run_5m\run_5m_0udp_bbr_5Ghz\run_20260924_171538,tx_retries,counter,109,0,0,0,0,0,0.0,0.0
results\run_5m\run_5m_0udp_bbr_5Ghz\run_20260924_171538,tx_failed,counter,109,0,0,0,0,0,0.0,0.0
results\run_5m\run_5m_0udp_bbr_5Ghz\run_20260924_171538,retrans,counter,109,3,0,3,0,3,0.0,0.0
results\run_5m\run_5m_0udp_bbr_5Ghz\run_20260924_171538,lost,counter,109,109,0,109,0,109,0.0,0.0
results\run_5m\run_5m_0udp_bbr_5Ghz\run_20260924_171538,total_retrans,counter,109,3,0,3,0,3,0.0,0.0
results\run_5m\run_5m_0udp_cubic_5GHz\run_20260911_020327,rssi_dbm,continuous,106,0,0,0,0,0,0.0,0.0
results\run_5m\run_5m_0udp_cubic_5GHz\run_20260911_020327,snr_db,continuous,106,106,0,106,0,106,0.0,0.0
results\run_5m\run_5m_0udp_cubic_5GHz\run_20260911_020327,tx_bitrate_mbps,continuous,106,0,0,0,0,0,0.0,0.0
results\run_5m\run_5m_0udp_cubic_5GHz\run_20260911_020327,rx_bitrate_mbps,continuous,106,0,0,0,0,0,0.0,0.0
results\run_5m\run_5m_0udp_cubic_5GHz\run_20260911_020327,signal_avg,continuous,106,0,0,0,0,0,0.0,0.0
results\run_5m\run_5m_0udp_cubic_5GHz\run_20260911_020327,expected_throughput,continuous,106,106,0,106,0,106,0.0,0.0
results\run_5m\run_5m_0udp_cubic_5GHz\run_20260911_020327,rtt_ms,continuous,106,1,1,2,1,1,0.9433962264150944,0.9433962264150944
results\run_5m\run_5m_0udp_cubic_5GHz\run_20260911_020327,rttvar_ms,continuous,106,1,1,2,1,1,0.9433962264150944,0.9433962264150944
results\run_5m\run_5m_0udp_cubic_5GHz\run_20260911_020327,cwnd,continuous,106,1,1,2,1,1,0.9433962264150944,0.9433962264150944
results\run_5m\run_5m_0udp_cubic_5GHz\run_20260911_020327,throughput_mbps,continuous,106,5,2,7,5,2,1.8867924528301887,4.716981132075472
results\run_5m\run_5m_0udp_cubic_5GHz\run_20260911_020327,frequency_mhz,discrete,106,0,0,0,0,0,0.0,0.0
results\run_5m\run_5m_0udp_cubic_5GHz\run_20260911_020327,channel,discrete,106,0,0,0,0,0,0.0,0.0
results\run_5m\run_5m_0udp_cubic_5GHz\run_20260911_020327,mcs,discrete,106,0,0,0,0,0,0.0,0.0
results\run_5m\run_5m_0udp_cubic_5GHz\run_20260911_020327,tx_retries,counter,106,0,0,0,0,0,0.0,0.0
results\run_5m\run_5m_0udp_cubic_5GHz\run_20260911_020327,tx_failed,counter,106,0,0,0,0,0,0.0,0.0
results\run_5m\run_5m_0udp_cubic_5GHz\run_20260911_020327,retrans,counter,106,3,0,3,0,3,0.0,0.0
results\run_5m\run_5m_0udp_cubic_5GHz\run_20260911_020327,lost,counter,106,104,0,104,0,104,0.0,0.0
results\run_5m\run_5m_0udp_cubic_5GHz\run_20260911_020327,total_retrans,counter,106,3,0,3,0,3,0.0,0.0
results\run_5m\run_5m_0udp_cubic_5GHz\run_20260911_021521,rssi_dbm,continuous,111,0,0,0,0,0,0.0,0.0
results\run_5m\run_5m_0udp_cubic_5GHz\run_20260911_021521,snr_db,continuous,111,111,0,111,0,111,0.0,0.0
results\run_5m\run_5m_0udp_cubic_5GHz\run_20260911_021521,tx_bitrate_mbps,continuous,111,0,0,0,0,0,0.0,0.0
results\run_5m\run_5m_0udp_cubic_5GHz\run_20260911_021521,rx_bitrate_mbps,continuous,111,0,0,0,0,0,0.0,0.0
results\run_5m\run_5m_0udp_cubic_5GHz\run_20260911_021521,signal_avg,continuous,111,0,0,0,0,0,0.0,0.0
results\run_5m\run_5m_0udp_cubic_5GHz\run_20260911_021521,expected_throughput,continuous,111,111,0,111,0,111,0.0,0.0
results\run_5m\run_5m_0udp_cubic_5GHz\run_20260911_021521,rtt_ms,continuous,111,2,2,4,0,4,1.8018018018018018,0.0
results\run_5m\run_5m_0udp_cubic_5GHz\run_20260911_021521,rttvar_ms,continuous,111,2,1,3,1,2,0.9009009009009009,0.9009009009009009
results\run_5m\run_5m_0udp_cubic_5GHz\run_20260911_021521,cwnd,continuous,111,2,3,5,0,5,2.7027027027027026,0.0
results\run_5m\run_5m_0udp_cubic_5GHz\run_20260911_021521,throughput_mbps,continuous,111,2,1,3,0,3,0.9009009009009009,0.0
results\run_5m\run_5m_0udp_cubic_5GHz\run_20260911_021521,frequency_mhz,discrete,111,0,0,0,0,0,0.0,0.0
results\run_5m\run_5m_0udp_cubic_5GHz\run_20260911_021521,channel,discrete,111,0,0,0,0,0,0.0,0.0
results\run_5m\run_5m_0udp_cubic_5GHz\run_20260911_021521,mcs,discrete,111,0,0,0,0,0,0.0,0.0
results\run_5m\run_5m_0udp_cubic_5GHz\run_20260911_021521,tx_retries,counter,111,0,0,0,0,0,0.0,0.0
results\run_5m\run_5m_0udp_cubic_5GHz\run_20260911_021521,tx_failed,counter,111,0,0,0,0,0,0.0,0.0
results\run_5m\run_5m_0udp_cubic_5GHz\run_20260911_021521,retrans,counter,111,2,0,2,0,2,0.0,0.0
results\run_5m\run_5m_0udp_cubic_5GHz\run_20260911_021521,lost,counter,111,111,0,111,0,111,0.0,0.0
results\run_5m\run_5m_0udp_cubic_5GHz\run_20260911_021521,total_retrans,counter,111,2,0,2,0,2,0.0,0.0
results\run_5m\run_5m_0udp_cubic_5GHz\run_20260911_022027,rssi_dbm,continuous,109,0,1,1,1,0,0.9174311926605505,0.9174311926605505
results\run_5m\run_5m_0udp_cubic_5GHz\run_20260911_022027,snr_db,continuous,109,109,0,109,0,109,0.0,0.0
results\run_5m\run_5m_0udp_cubic_5GHz\run_20260911_022027,tx_bitrate_mbps,continuous,109,0,4,4,4,0,3.669724770642202,3.669724770642202
results\run_5m\run_5m_0udp_cubic_5GHz\run_20260911_022027,rx_bitrate_mbps,continuous,109,0,0,0,0,0,0.0,0.0
results\run_5m\run_5m_0udp_cubic_5GHz\run_20260911_022027,signal_avg,continuous,109,0,0,0,0,0,0.0,0.0
results\run_5m\run_5m_0udp_cubic_5GHz\run_20260911_022027,expected_throughput,continuous,109,109,0,109,0,109,0.0,0.0
results\run_5m\run_5m_0udp_cubic_5GHz\run_20260911_022027,rtt_ms,continuous,109,2,4,6,4,2,3.669724770642202,3.669724770642202
results\run_5m\run_5m_0udp_cubic_5GHz\run_20260911_022027,rttvar_ms,continuous,109,2,0,2,0,2,0.0,0.0
results\run_5m\run_5m_0udp_cubic_5GHz\run_20260911_022027,cwnd,continuous,109,2,0,2,0,2,0.0,0.0
results\run_5m\run_5m_0udp_cubic_5GHz\run_20260911_022027,throughput_mbps,continuous,109,18,0,18,0,18,0.0,0.0
results\run_5m\run_5m_0udp_cubic_5GHz\run_20260911_022027,frequency_mhz,discrete,109,0,0,0,0,0,0.0,0.0
results\run_5m\run_5m_0udp_cubic_5GHz\run_20260911_022027,channel,discrete,109,0,0,0,0,0,0.0,0.0
results\run_5m\run_5m_0udp_cubic_5GHz\run_20260911_022027,mcs,discrete,109,0,0,0,0,0,0.0,0.0
results\run_5m\run_5m_0udp_cubic_5GHz\run_20260911_022027,tx_retries,counter,109,0,0,0,0,0,0.0,0.0
results\run_5m\run_5m_0udp_cubic_5GHz\run_20260911_022027,tx_failed,counter,109,0,0,0,0,0,0.0,0.0
results\run_5m\run_5m_0udp_cubic_5GHz\run_20260911_022027,retrans,counter,109,23,0,23,0,23,0.0,0.0
results\run_5m\run_5m_0udp_cubic_5GHz\run_20260911_022027,lost,counter,109,109,0,109,0,109,0.0,0.0
results\run_5m\run_5m_0udp_cubic_5GHz\run_20260911_022027,total_retrans,counter,109,23,0,23,0,23,0.0,0.0
results\run_5m\run_5m_50udp_bbr_5Ghz\run_20260924_174513,rssi_dbm,continuous,118,0,0,0,0,0,0.0,0.0
results\run_5m\run_5m_50udp_bbr_5Ghz\run_20260924_174513,snr_db,continuous,118,118,0,118,0,118,0.0,0.0
results\run_5m\run_5m_50udp_bbr_5Ghz\run_20260924_174513,tx_bitrate_mbps,continuous,118,0,0,0,0,0,0.0,0.0
results\run_5m\run_5m_50udp_bbr_5Ghz\run_20260924_174513,rx_bitrate_mbps,continuous,118,0,0,0,0,0,0.0,0.0
results\run_5m\run_5m_50udp_bbr_5Ghz\run_20260924_174513,signal_avg,continuous,118,0,0,0,0,0,0.0,0.0
results\run_5m\run_5m_50udp_bbr_5Ghz\run_20260924_174513,expected_throughput,continuous,118,118,0,118,0,118,0.0,0.0
results\run_5m\run_5m_50udp_bbr_5Ghz\run_20260924_174513,rtt_ms,continuous,118,2,2,4,2,2,1.694915254237288,1.694915254237288
results\run_5m\run_5m_50udp_bbr_5Ghz\run_20260924_174513,rttvar_ms,continuous,118,2,2,4,2,2,1.694915254237288,1.694915254237288
results\run_5m\run_5m_50udp_bbr_5Ghz\run_20260924_174513,cwnd,continuous,118,2,4,6,3,3,3.389830508474576,2.5423728813559325
results\run_5m\run_5m_50udp_bbr_5Ghz\run_20260924_174513,throughput_mbps,continuous,118,6,2,8,5,3,1.694915254237288,4.23728813559322
results\run_5m\run_5m_50udp_bbr_5Ghz\run_20260924_174513,frequency_mhz,discrete,118,0,0,0,0,0,0.0,0.0
results\run_5m\run_5m_50udp_bbr_5Ghz\run_20260924_174513,channel,discrete,118,0,0,0,0,0,0.0,0.0
results\run_5m\run_5m_50udp_bbr_5Ghz\run_20260924_174513,mcs,discrete,118,0,0,0,0,0,0.0,0.0
results\run_5m\run_5m_50udp_bbr_5Ghz\run_20260924_174513,tx_retries,counter,118,0,0,0,0,0,0.0,0.0
results\run_5m\run_5m_50udp_bbr_5Ghz\run_20260924_174513,tx_failed,counter,118,0,0,0,0,0,0.0,0.0
results\run_5m\run_5m_50udp_bbr_5Ghz\run_20260924_174513,retrans,counter,118,7,0,7,0,7,0.0,0.0
results\run_5m\run_5m_50udp_bbr_5Ghz\run_20260924_174513,lost,counter,118,118,0,118,0,118,0.0,0.0
results\run_5m\run_5m_50udp_bbr_5Ghz\run_20260924_174513,total_retrans,counter,118,7,0,7,0,7,0.0,0.0
results\run_5m\run_5m_50udp_bbr_5Ghz\run_20260924_174822,rssi_dbm,continuous,114,0,2,2,1,1,1.7543859649122806,0.8771929824561403
results\run_5m\run_5m_50udp_bbr_5Ghz\run_20260924_174822,snr_db,continuous,114,114,0,114,0,114,0.0,0.0
results\run_5m\run_5m_50udp_bbr_5Ghz\run_20260924_174822,tx_bitrate_mbps,continuous,114,0,2,2,2,0,1.7543859649122806,1.7543859649122806
results\run_5m\run_5m_50udp_bbr_5Ghz\run_20260924_174822,rx_bitrate_mbps,continuous,114,0,0,0,0,0,0.0,0.0
results\run_5m\run_5m_50udp_bbr_5Ghz\run_20260924_174822,signal_avg,continuous,114,0,3,3,0,3,2.631578947368421,0.0
results\run_5m\run_5m_50udp_bbr_5Ghz\run_20260924_174822,expected_throughput,continuous,114,114,0,114,0,114,0.0,0.0
results\run_5m\run_5m_50udp_bbr_5Ghz\run_20260924_174822,rtt_ms,continuous,114,1,2,3,2,1,1.7543859649122806,1.7543859649122806
results\run_5m\run_5m_50udp_bbr_5Ghz\run_20260924_174822,rttvar_ms,continuous,114,1,2,3,2,1,1.7543859649122806,1.7543859649122806
results\run_5m\run_5m_50udp_bbr_5Ghz\run_20260924_174822,cwnd,continuous,114,1,0,1,0,1,0.0,0.0
results\run_5m\run_5m_50udp_bbr_5Ghz\run_20260924_174822,throughput_mbps,continuous,114,3,0,3,0,3,0.0,0.0
results\run_5m\run_5m_50udp_bbr_5Ghz\run_20260924_174822,frequency_mhz,discrete,114,0,0,0,0,0,0.0,0.0
results\run_5m\run_5m_50udp_bbr_5Ghz\run_20260924_174822,channel,discrete,114,0,0,0,0,0,0.0,0.0
results\run_5m\run_5m_50udp_bbr_5Ghz\run_20260924_174822,mcs,discrete,114,0,0,0,0,0,0.0,0.0
results\run_5m\run_5m_50udp_bbr_5Ghz\run_20260924_174822,tx_retries,counter,114,0,0,0,0,0,0.0,0.0
results\run_5m\run_5m_50udp_bbr_5Ghz\run_20260924_174822,tx_failed,counter,114,0,0,0,0,0,0.0,0.0
results\run_5m\run_5m_50udp_bbr_5Ghz\run_20260924_174822,retrans,counter,114,2,0,2,0,2,0.0,0.0
results\run_5m\run_5m_50udp_bbr_5Ghz\run_20260924_174822,lost,counter,114,114,0,114,0,114,0.0,0.0
results\run_5m\run_5m_50udp_bbr_5Ghz\run_20260924_174822,total_retrans,counter,114,2,0,2,0,2,0.0,0.0
results\run_5m\run_5m_50udp_bbr_5Ghz\run_20260924_175157,rssi_dbm,continuous,114,0,3,3,3,0,2.631578947368421,2.631578947368421
results\run_5m\run_5m_50udp_bbr_5Ghz\run_20260924_175157,snr_db,continuous,114,114,0,114,0,114,0.0,0.0
results\run_5m\run_5m_50udp_bbr_5Ghz\run_20260924_175157,tx_bitrate_mbps,continuous,114,0,5,5,3,2,4.385964912280701,2.631578947368421
results\run_5m\run_5m_50udp_bbr_5Ghz\run_20260924_175157,rx_bitrate_mbps,continuous,114,0,0,0,0,0,0.0,0.0
results\run_5m\run_5m_50udp_bbr_5Ghz\run_20260924_175157,signal_avg,continuous,114,0,3,3,3,0,2.631578947368421,2.631578947368421
results\run_5m\run_5m_50udp_bbr_5Ghz\run_20260924_175157,expected_throughput,continuous,114,114,0,114,0,114,0.0,0.0
results\run_5m\run_5m_50udp_bbr_5Ghz\run_20260924_175157,rtt_ms,continuous,114,2,1,3,1,2,0.8771929824561403,0.8771929824561403
results\run_5m\run_5m_50udp_bbr_5Ghz\run_20260924_175157,rttvar_ms,continuous,114,2,0,2,0,2,0.0,0.0
results\run_5m\run_5m_50udp_bbr_5Ghz\run_20260924_175157,cwnd,continuous,114,2,0,2,0,2,0.0,0.0
results\run_5m\run_5m_50udp_bbr_5Ghz\run_20260924_175157,throughput_mbps,continuous,114,5,2,7,5,2,1.7543859649122806,4.385964912280701
results\run_5m\run_5m_50udp_bbr_5Ghz\run_20260924_175157,frequency_mhz,discrete,114,0,0,0,0,0,0.0,0.0
results\run_5m\run_5m_50udp_bbr_5Ghz\run_20260924_175157,channel,discrete,114,0,0,0,0,0,0.0,0.0
results\run_5m\run_5m_50udp_bbr_5Ghz\run_20260924_175157,mcs,discrete,114,0,0,0,0,0,0.0,0.0
results\run_5m\run_5m_50udp_bbr_5Ghz\run_20260924_175157,tx_retries,counter,114,0,0,0,0,0,0.0,0.0
results\run_5m\run_5m_50udp_bbr_5Ghz\run_20260924_175157,tx_failed,counter,114,0,0,0,0,0,0.0,0.0
results\run_5m\run_5m_50udp_bbr_5Ghz\run_20260924_175157,retrans,counter,114,3,0,3,0,3,0.0,0.0
results\run_5m\run_5m_50udp_bbr_5Ghz\run_20260924_175157,lost,counter,114,112,0,112,0,112,0.0,0.0
results\run_5m\run_5m_50udp_bbr_5Ghz\run_20260924_175157,total_retrans,counter,114,3,0,3,0,3,0.0,0.0
results\run_5m\run_5m_50udp_cubic_5GHz\run_20260911_030841,rssi_dbm,continuous,115,0,3,3,3,0,2.608695652173913,2.608695652173913
results\run_5m\run_5m_50udp_cubic_5GHz\run_20260911_030841,snr_db,continuous,115,115,0,115,0,115,0.0,0.0
results\run_5m\run_5m_50udp_cubic_5GHz\run_20260911_030841,tx_bitrate_mbps,continuous,115,0,0,0,0,0,0.0,0.0
results\run_5m\run_5m_50udp_cubic_5GHz\run_20260911_030841,rx_bitrate_mbps,continuous,115,0,0,0,0,0,0.0,0.0
results\run_5m\run_5m_50udp_cubic_5GHz\run_20260911_030841,signal_avg,continuous,115,0,1,1,1,0,0.8695652173913043,0.8695652173913043
results\run_5m\run_5m_50udp_cubic_5GHz\run_20260911_030841,expected_throughput,continuous,115,115,0,115,0,115,0.0,0.0
results\run_5m\run_5m_50udp_cubic_5GHz\run_20260911_030841,rtt_ms,continuous,115,2,1,3,1,2,0.8695652173913043,0.8695652173913043
results\run_5m\run_5m_50udp_cubic_5GHz\run_20260911_030841,rttvar_ms,continuous,115,2,1,3,1,2,0.8695652173913043,0.8695652173913043
results\run_5m\run_5m_50udp_cubic_5GHz\run_20260911_030841,cwnd,continuous,115,2,3,5,3,2,2.608695652173913,2.608695652173913
results\run_5m\run_5m_50udp_cubic_5GHz\run_20260911_030841,throughput_mbps,continuous,115,7,1,8,2,6,0.8695652173913043,1.7391304347826086
results\run_5m\run_5m_50udp_cubic_5GHz\run_20260911_030841,frequency_mhz,discrete,115,0,0,0,0,0,0.0,0.0
results\run_5m\run_5m_50udp_cubic_5GHz\run_20260911_030841,channel,discrete,115,0,0,0,0,0,0.0,0.0
results\run_5m\run_5m_50udp_cubic_5GHz\run_20260911_030841,mcs,discrete,115,0,0,0,0,0,0.0,0.0
results\run_5m\run_5m_50udp_cubic_5GHz\run_20260911_030841,tx_retries,counter,115,0,0,0,0,0,0.0,0.0
results\run_5m\run_5m_50udp_cubic_5GHz\run_20260911_030841,tx_failed,counter,115,0,0,0,0,0,0.0,0.0
results\run_5m\run_5m_50udp_cubic_5GHz\run_20260911_030841,retrans,counter,115,25,0,25,0,25,0.0,0.0
results\run_5m\run_5m_50udp_cubic_5GHz\run_20260911_030841,lost,counter,115,112,0,112,0,112,0.0,0.0
results\run_5m\run_5m_50udp_cubic_5GHz\run_20260911_030841,total_retrans,counter,115,25,0,25,0,25,0.0,0.0
results\run_5m\run_5m_50udp_cubic_5GHz\run_20260911_031529,rssi_dbm,continuous,117,0,3,3,3,0,2.564102564102564,2.564102564102564
results\run_5m\run_5m_50udp_cubic_5GHz\run_20260911_031529,snr_db,continuous,117,117,0,117,0,117,0.0,0.0
results\run_5m\run_5m_50udp_cubic_5GHz\run_20260911_031529,tx_bitrate_mbps,continuous,117,0,10,10,7,3,8.547008547008547,5.982905982905983
results\run_5m\run_5m_50udp_cubic_5GHz\run_20260911_031529,rx_bitrate_mbps,continuous,117,0,0,0,0,0,0.0,0.0
results\run_5m\run_5m_50udp_cubic_5GHz\run_20260911_031529,signal_avg,continuous,117,0,3,3,3,0,2.564102564102564,2.564102564102564
results\run_5m\run_5m_50udp_cubic_5GHz\run_20260911_031529,expected_throughput,continuous,117,117,0,117,0,117,0.0,0.0
results\run_5m\run_5m_50udp_cubic_5GHz\run_20260911_031529,rtt_ms,continuous,117,3,2,5,2,3,1.7094017094017095,1.7094017094017095
results\run_5m\run_5m_50udp_cubic_5GHz\run_20260911_031529,rttvar_ms,continuous,117,3,1,4,1,3,0.8547008547008548,0.8547008547008548
results\run_5m\run_5m_50udp_cubic_5GHz\run_20260911_031529,cwnd,continuous,117,3,0,3,0,3,0.0,0.0
results\run_5m\run_5m_50udp_cubic_5GHz\run_20260911_031529,throughput_mbps,continuous,117,6,3,9,6,3,2.564102564102564,5.128205128205128
results\run_5m\run_5m_50udp_cubic_5GHz\run_20260911_031529,frequency_mhz,discrete,117,0,0,0,0,0,0.0,0.0
results\run_5m\run_5m_50udp_cubic_5GHz\run_20260911_031529,channel,discrete,117,0,0,0,0,0,0.0,0.0
results\run_5m\run_5m_50udp_cubic_5GHz\run_20260911_031529,mcs,discrete,117,0,0,0,0,0,0.0,0.0
results\run_5m\run_5m_50udp_cubic_5GHz\run_20260911_031529,tx_retries,counter,117,0,0,0,0,0,0.0,0.0
results\run_5m\run_5m_50udp_cubic_5GHz\run_20260911_031529,tx_failed,counter,117,0,0,0,0,0,0.0,0.0
results\run_5m\run_5m_50udp_cubic_5GHz\run_20260911_031529,retrans,counter,117,16,0,16,0,16,0.0,0.0
results\run_5m\run_5m_50udp_cubic_5GHz\run_20260911_031529,lost,counter,117,117,0,117,0,117,0.0,0.0
results\run_5m\run_5m_50udp_cubic_5GHz\run_20260911_031529,total_retrans,counter,117,16,0,16,0,16,0.0,0.0
results\run_5m\run_5m_50udp_cubic_5GHz\run_20260911_031948,rssi_dbm,continuous,114,0,0,0,0,0,0.0,0.0
results\run_5m\run_5m_50udp_cubic_5GHz\run_20260911_031948,snr_db,continuous,114,114,0,114,0,114,0.0,0.0
results\run_5m\run_5m_50udp_cubic_5GHz\run_20260911_031948,tx_bitrate_mbps,continuous,114,0,0,0,0,0,0.0,0.0
results\run_5m\run_5m_50udp_cubic_5GHz\run_20260911_031948,rx_bitrate_mbps,continuous,114,0,0,0,0,0,0.0,0.0
results\run_5m\run_5m_50udp_cubic_5GHz\run_20260911_031948,signal_avg,continuous,114,0,0,0,0,0,0.0,0.0
results\run_5m\run_5m_50udp_cubic_5GHz\run_20260911_031948,expected_throughput,continuous,114,114,0,114,0,114,0.0,0.0
results\run_5m\run_5m_50udp_cubic_5GHz\run_20260911_031948,rtt_ms,continuous,114,2,1,3,1,2,0.8771929824561403,0.8771929824561403
results\run_5m\run_5m_50udp_cubic_5GHz\run_20260911_031948,rttvar_ms,continuous,114,2,3,5,3,2,2.631578947368421,2.631578947368421
results\run_5m\run_5m_50udp_cubic_5GHz\run_20260911_031948,cwnd,continuous,114,2,0,2,0,2,0.0,0.0
results\run_5m\run_5m_50udp_cubic_5GHz\run_20260911_031948,throughput_mbps,continuous,114,5,2,7,5,2,1.7543859649122806,4.385964912280701
results\run_5m\run_5m_50udp_cubic_5GHz\run_20260911_031948,frequency_mhz,discrete,114,0,0,0,0,0,0.0,0.0
results\run_5m\run_5m_50udp_cubic_5GHz\run_20260911_031948,channel,discrete,114,0,0,0,0,0,0.0,0.0
results\run_5m\run_5m_50udp_cubic_5GHz\run_20260911_031948,mcs,discrete,114,0,0,0,0,0,0.0,0.0
results\run_5m\run_5m_50udp_cubic_5GHz\run_20260911_031948,tx_retries,counter,114,0,0,0,0,0,0.0,0.0
results\run_5m\run_5m_50udp_cubic_5GHz\run_20260911_031948,tx_failed,counter,114,0,0,0,0,0,0.0,0.0
results\run_5m\run_5m_50udp_cubic_5GHz\run_20260911_031948,retrans,counter,114,8,0,8,0,8,0.0,0.0
results\run_5m\run_5m_50udp_cubic_5GHz\run_20260911_031948,lost,counter,114,113,0,113,0,113,0.0,0.0
results\run_5m\run_5m_50udp_cubic_5GHz\run_20260911_031948,total_retrans,counter,114,8,0,8,0,8,0.0,0.0
results\run_5m\run_5m_80udp_bbr_5Ghz\run_20260924_175607,rssi_dbm,continuous,120,0,0,0,0,0,0.0,0.0
results\run_5m\run_5m_80udp_bbr_5Ghz\run_20260924_175607,snr_db,continuous,120,120,0,120,0,120,0.0,0.0
results\run_5m\run_5m_80udp_bbr_5Ghz\run_20260924_175607,tx_bitrate_mbps,continuous,120,0,0,0,0,0,0.0,0.0
results\run_5m\run_5m_80udp_bbr_5Ghz\run_20260924_175607,rx_bitrate_mbps,continuous,120,0,0,0,0,0,0.0,0.0
results\run_5m\run_5m_80udp_bbr_5Ghz\run_20260924_175607,signal_avg,continuous,120,0,4,4,4,0,3.3333333333333335,3.3333333333333335
results\run_5m\run_5m_80udp_bbr_5Ghz\run_20260924_175607,expected_throughput,continuous,120,120,0,120,0,120,0.0,0.0
results\run_5m\run_5m_80udp_bbr_5Ghz\run_20260924_175607,rtt_ms,continuous,120,3,2,5,2,3,1.6666666666666667,1.6666666666666667
results\run_5m\run_5m_80udp_bbr_5Ghz\run_20260924_175607,rttvar_ms,continuous,120,3,2,5,1,4,1.6666666666666667,0.8333333333333334
results\run_5m\run_5m_80udp_bbr_5Ghz\run_20260924_175607,cwnd,continuous,120,3,0,3,0,3,0.0,0.0
results\run_5m\run_5m_80udp_bbr_5Ghz\run_20260924_175607,throughput_mbps,continuous,120,8,2,10,4,6,1.6666666666666667,3.3333333333333335
results\run_5m\run_5m_80udp_bbr_5Ghz\run_20260924_175607,frequency_mhz,discrete,120,0,0,0,0,0,0.0,0.0
results\run_5m\run_5m_80udp_bbr_5Ghz\run_20260924_175607,channel,discrete,120,0,0,0,0,0,0.0,0.0
results\run_5m\run_5m_80udp_bbr_5Ghz\run_20260924_175607,mcs,discrete,120,0,0,0,0,0,0.0,0.0
results\run_5m\run_5m_80udp_bbr_5Ghz\run_20260924_175607,tx_retries,counter,120,0,0,0,0,0,0.0,0.0
results\run_5m\run_5m_80udp_bbr_5Ghz\run_20260924_175607,tx_failed,counter,120,0,0,0,0,0,0.0,0.0
results\run_5m\run_5m_80udp_bbr_5Ghz\run_20260924_175607,retrans,counter,120,3,0,3,0,3,0.0,0.0
results\run_5m\run_5m_80udp_bbr_5Ghz\run_20260924_175607,lost,counter,120,114,0,114,0,114,0.0,0.0
results\run_5m\run_5m_80udp_bbr_5Ghz\run_20260924_175607,total_retrans,counter,120,3,0,3,0,3,0.0,0.0
results\run_5m\run_5m_80udp_bbr_5Ghz\run_20260924_180015,rssi_dbm,continuous,115,0,0,0,0,0,0.0,0.0
results\run_5m\run_5m_80udp_bbr_5Ghz\run_20260924_180015,snr_db,continuous,115,115,0,115,0,115,0.0,0.0
results\run_5m\run_5m_80udp_bbr_5Ghz\run_20260924_180015,tx_bitrate_mbps,continuous,115,0,0,0,0,0,0.0,0.0
results\run_5m\run_5m_80udp_bbr_5Ghz\run_20260924_180015,rx_bitrate_mbps,continuous,115,0,0,0,0,0,0.0,0.0
results\run_5m\run_5m_80udp_bbr_5Ghz\run_20260924_180015,signal_avg,continuous,115,0,0,0,0,0,0.0,0.0
results\run_5m\run_5m_80udp_bbr_5Ghz\run_20260924_180015,expected_throughput,continuous,115,115,0,115,0,115,0.0,0.0
results\run_5m\run_5m_80udp_bbr_5Ghz\run_20260924_180015,rtt_ms,continuous,115,2,2,4,2,2,1.7391304347826086,1.7391304347826086
results\run_5m\run_5m_80udp_bbr_5Ghz\run_20260924_180015,rttvar_ms,continuous,115,2,2,4,2,2,1.7391304347826086,1.7391304347826086
results\run_5m\run_5m_80udp_bbr_5Ghz\run_20260924_180015,cwnd,continuous,115,2,2,4,2,2,1.7391304347826086,1.7391304347826086
results\run_5m\run_5m_80udp_bbr_5Ghz\run_20260924_180015,throughput_mbps,continuous,115,3,1,4,0,4,0.8695652173913043,0.0
results\run_5m\run_5m_80udp_bbr_5Ghz\run_20260924_180015,frequency_mhz,discrete,115,0,0,0,0,0,0.0,0.0
results\run_5m\run_5m_80udp_bbr_5Ghz\run_20260924_180015,channel,discrete,115,0,0,0,0,0,0.0,0.0
results\run_5m\run_5m_80udp_bbr_5Ghz\run_20260924_180015,mcs,discrete,115,0,0,0,0,0,0.0,0.0
results\run_5m\run_5m_80udp_bbr_5Ghz\run_20260924_180015,tx_retries,counter,115,0,0,0,0,0,0.0,0.0
results\run_5m\run_5m_80udp_bbr_5Ghz\run_20260924_180015,tx_failed,counter,115,0,0,0,0,0,0.0,0.0
results\run_5m\run_5m_80udp_bbr_5Ghz\run_20260924_180015,retrans,counter,115,2,0,2,0,2,0.0,0.0
results\run_5m\run_5m_80udp_bbr_5Ghz\run_20260924_180015,lost,counter,115,106,0,106,0,106,0.0,0.0
results\run_5m\run_5m_80udp_bbr_5Ghz\run_20260924_180015,total_retrans,counter,115,2,0,2,0,2,0.0,0.0
results\run_5m\run_5m_80udp_bbr_5Ghz\run_20260924_180340,rssi_dbm,continuous,114,0,0,0,0,0,0.0,0.0
results\run_5m\run_5m_80udp_bbr_5Ghz\run_20260924_180340,snr_db,continuous,114,114,0,114,0,114,0.0,0.0
results\run_5m\run_5m_80udp_bbr_5Ghz\run_20260924_180340,tx_bitrate_mbps,continuous,114,0,6,6,5,1,5.263157894736842,4.385964912280701
results\run_5m\run_5m_80udp_bbr_5Ghz\run_20260924_180340,rx_bitrate_mbps,continuous,114,0,0,0,0,0,0.0,0.0
results\run_5m\run_5m_80udp_bbr_5Ghz\run_20260924_180340,signal_avg,continuous,114,0,0,0,0,0,0.0,0.0
results\run_5m\run_5m_80udp_bbr_5Ghz\run_20260924_180340,expected_throughput,continuous,114,114,0,114,0,114,0.0,0.0
results\run_5m\run_5m_80udp_bbr_5Ghz\run_20260924_180340,rtt_ms,continuous,114,2,3,5,3,2,2.631578947368421,2.631578947368421
results\run_5m\run_5m_80udp_bbr_5Ghz\run_20260924_180340,rttvar_ms,continuous,114,2,3,5,3,2,2.631578947368421,2.631578947368421
results\run_5m\run_5m_80udp_bbr_5Ghz\run_20260924_180340,cwnd,continuous,114,2,0,2,0,2,0.0,0.0
results\run_5m\run_5m_80udp_bbr_5Ghz\run_20260924_180340,throughput_mbps,continuous,114,4,1,5,3,2,0.8771929824561403,2.631578947368421
results\run_5m\run_5m_80udp_bbr_5Ghz\run_20260924_180340,frequency_mhz,discrete,114,0,0,0,0,0,0.0,0.0
results\run_5m\run_5m_80udp_bbr_5Ghz\run_20260924_180340,channel,discrete,114,0,0,0,0,0,0.0,0.0
results\run_5m\run_5m_80udp_bbr_5Ghz\run_20260924_180340,mcs,discrete,114,0,0,0,0,0,0.0,0.0
results\run_5m\run_5m_80udp_bbr_5Ghz\run_20260924_180340,tx_retries,counter,114,0,0,0,0,0,0.0,0.0
results\run_5m\run_5m_80udp_bbr_5Ghz\run_20260924_180340,tx_failed,counter,114,0,0,0,0,0,0.0,0.0
results\run_5m\run_5m_80udp_bbr_5Ghz\run_20260924_180340,retrans,counter,114,2,0,2,0,2,0.0,0.0
results\run_5m\run_5m_80udp_bbr_5Ghz\run_20260924_180340,lost,counter,114,107,0,107,0,107,0.0,0.0
results\run_5m\run_5m_80udp_bbr_5Ghz\run_20260924_180340,total_retrans,counter,114,2,0,2,0,2,0.0,0.0
results\run_5m\run_5m_80udp_cubic_5GHz\run_20260911_032444,rssi_dbm,continuous,110,0,0,0,0,0,0.0,0.0
results\run_5m\run_5m_80udp_cubic_5GHz\run_20260911_032444,snr_db,continuous,110,110,0,110,0,110,0.0,0.0
results\run_5m\run_5m_80udp_cubic_5GHz\run_20260911_032444,tx_bitrate_mbps,continuous,110,0,0,0,0,0,0.0,0.0
results\run_5m\run_5m_80udp_cubic_5GHz\run_20260911_032444,rx_bitrate_mbps,continuous,110,0,0,0,0,0,0.0,0.0
results\run_5m\run_5m_80udp_cubic_5GHz\run_20260911_032444,signal_avg,continuous,110,0,0,0,0,0,0.0,0.0
results\run_5m\run_5m_80udp_cubic_5GHz\run_20260911_032444,expected_throughput,continuous,110,110,0,110,0,110,0.0,0.0
results\run_5m\run_5m_80udp_cubic_5GHz\run_20260911_032444,rtt_ms,continuous,110,2,3,5,3,2,2.727272727272727,2.727272727272727
results\run_5m\run_5m_80udp_cubic_5GHz\run_20260911_032444,rttvar_ms,continuous,110,2,4,6,4,2,3.6363636363636362,3.6363636363636362
results\run_5m\run_5m_80udp_cubic_5GHz\run_20260911_032444,cwnd,continuous,110,2,0,2,0,2,0.0,0.0
results\run_5m\run_5m_80udp_cubic_5GHz\run_20260911_032444,throughput_mbps,continuous,110,5,0,5,2,3,0.0,1.8181818181818181
results\run_5m\run_5m_80udp_cubic_5GHz\run_20260911_032444,frequency_mhz,discrete,110,0,0,0,0,0,0.0,0.0
results\run_5m\run_5m_80udp_cubic_5GHz\run_20260911_032444,channel,discrete,110,0,0,0,0,0,0.0,0.0
results\run_5m\run_5m_80udp_cubic_5GHz\run_20260911_032444,mcs,discrete,110,0,0,0,0,0,0.0,0.0
results\run_5m\run_5m_80udp_cubic_5GHz\run_20260911_032444,tx_retries,counter,110,0,0,0,0,0,0.0,0.0
results\run_5m\run_5m_80udp_cubic_5GHz\run_20260911_032444,tx_failed,counter,110,0,0,0,0,0,0.0,0.0
results\run_5m\run_5m_80udp_cubic_5GHz\run_20260911_032444,retrans,counter,110,3,0,3,0,3,0.0,0.0
results\run_5m\run_5m_80udp_cubic_5GHz\run_20260911_032444,lost,counter,110,101,0,101,0,101,0.0,0.0
results\run_5m\run_5m_80udp_cubic_5GHz\run_20260911_032444,total_retrans,counter,110,3,0,3,0,3,0.0,0.0
results\run_5m\run_5m_80udp_cubic_5GHz\run_20260911_032851,rssi_dbm,continuous,113,0,0,0,0,0,0.0,0.0
results\run_5m\run_5m_80udp_cubic_5GHz\run_20260911_032851,snr_db,continuous,113,113,0,113,0,113,0.0,0.0
results\run_5m\run_5m_80udp_cubic_5GHz\run_20260911_032851,tx_bitrate_mbps,continuous,113,0,2,2,2,0,1.7699115044247788,1.7699115044247788
results\run_5m\run_5m_80udp_cubic_5GHz\run_20260911_032851,rx_bitrate_mbps,continuous,113,0,1,1,1,0,0.8849557522123894,0.8849557522123894
results\run_5m\run_5m_80udp_cubic_5GHz\run_20260911_032851,signal_avg,continuous,113,0,0,0,0,0,0.0,0.0
results\run_5m\run_5m_80udp_cubic_5GHz\run_20260911_032851,expected_throughput,continuous,113,113,0,113,0,113,0.0,0.0
results\run_5m\run_5m_80udp_cubic_5GHz\run_20260911_032851,rtt_ms,continuous,113,1,7,8,7,1,6.1946902654867255,6.1946902654867255
results\run_5m\run_5m_80udp_cubic_5GHz\run_20260911_032851,rttvar_ms,continuous,113,1,3,4,3,1,2.6548672566371683,2.6548672566371683
results\run_5m\run_5m_80udp_cubic_5GHz\run_20260911_032851,cwnd,continuous,113,1,0,1,0,1,0.0,0.0
results\run_5m\run_5m_80udp_cubic_5GHz\run_20260911_032851,throughput_mbps,continuous,113,4,0,4,1,3,0.0,0.8849557522123894
results\run_5m\run_5m_80udp_cubic_5GHz\run_20260911_032851,frequency_mhz,discrete,113,0,0,0,0,0,0.0,0.0
results\run_5m\run_5m_80udp_cubic_5GHz\run_20260911_032851,channel,discrete,113,0,0,0,0,0,0.0,0.0
results\run_5m\run_5m_80udp_cubic_5GHz\run_20260911_032851,mcs,discrete,113,0,0,0,0,0,0.0,0.0
results\run_5m\run_5m_80udp_cubic_5GHz\run_20260911_032851,tx_retries,counter,113,0,0,0,0,0,0.0,0.0
results\run_5m\run_5m_80udp_cubic_5GHz\run_20260911_032851,tx_failed,counter,113,0,0,0,0,0,0.0,0.0
results\run_5m\run_5m_80udp_cubic_5GHz\run_20260911_032851,retrans,counter,113,6,0,6,0,6,0.0,0.0
results\run_5m\run_5m_80udp_cubic_5GHz\run_20260911_032851,lost,counter,113,85,0,85,0,85,0.0,0.0
results\run_5m\run_5m_80udp_cubic_5GHz\run_20260911_032851,total_retrans,counter,113,6,0,6,0,6,0.0,0.0
results\run_5m\run_5m_80udp_cubic_5GHz\run_20260911_033228,rssi_dbm,continuous,115,0,0,0,0,0,0.0,0.0
results\run_5m\run_5m_80udp_cubic_5GHz\run_20260911_033228,snr_db,continuous,115,115,0,115,0,115,0.0,0.0
results\run_5m\run_5m_80udp_cubic_5GHz\run_20260911_033228,tx_bitrate_mbps,continuous,115,0,0,0,0,0,0.0,0.0
results\run_5m\run_5m_80udp_cubic_5GHz\run_20260911_033228,rx_bitrate_mbps,continuous,115,0,0,0,0,0,0.0,0.0
results\run_5m\run_5m_80udp_cubic_5GHz\run_20260911_033228,signal_avg,continuous,115,0,2,2,1,1,1.7391304347826086,0.8695652173913043
results\run_5m\run_5m_80udp_cubic_5GHz\run_20260911_033228,expected_throughput,continuous,115,115,0,115,0,115,0.0,0.0
results\run_5m\run_5m_80udp_cubic_5GHz\run_20260911_033228,rtt_ms,continuous,115,2,6,8,6,2,5.217391304347826,5.217391304347826
results\run_5m\run_5m_80udp_cubic_5GHz\run_20260911_033228,rttvar_ms,continuous,115,2,3,5,3,2,2.608695652173913,2.608695652173913
results\run_5m\run_5m_80udp_cubic_5GHz\run_20260911_033228,cwnd,continuous,115,2,0,2,0,2,0.0,0.0
results\run_5m\run_5m_80udp_cubic_5GHz\run_20260911_033228,throughput_mbps,continuous,115,3,0,3,0,3,0.0,0.0
results\run_5m\run_5m_80udp_cubic_5GHz\run_20260911_033228,frequency_mhz,discrete,115,0,0,0,0,0,0.0,0.0
results\run_5m\run_5m_80udp_cubic_5GHz\run_20260911_033228,channel,discrete,115,0,0,0,0,0,0.0,0.0
results\run_5m\run_5m_80udp_cubic_5GHz\run_20260911_033228,mcs,discrete,115,0,0,0,0,0,0.0,0.0
results\run_5m\run_5m_80udp_cubic_5GHz\run_20260911_033228,tx_retries,counter,115,0,0,0,0,0,0.0,0.0
results\run_5m\run_5m_80udp_cubic_5GHz\run_20260911_033228,tx_failed,counter,115,0,0,0,0,0,0.0,0.0
results\run_5m\run_5m_80udp_cubic_5GHz\run_20260911_033228,retrans,counter,115,7,0,7,0,7,0.0,0.0
results\run_5m\run_5m_80udp_cubic_5GHz\run_20260911_033228,lost,counter,115,105,0,105,0,105,0.0,0.0
results\run_5m\run_5m_80udp_cubic_5GHz\run_20260911_033228,total_retrans,counter,115,7,0,7,0,7,0.0,0.0
results\run_1m\run_1m_0udp_bbr_5Ghz\run_20260924_182115,rssi_dbm,continuous,111,0,3,3,3,0,2.7027027027027026,2.7027027027027026
results\run_1m\run_1m_0udp_bbr_5Ghz\run_20260924_182115,snr_db,continuous,111,111,0,111,0,111,0.0,0.0
results\run_1m\run_1m_0udp_bbr_5Ghz\run_20260924_182115,tx_bitrate_mbps,continuous,111,0,2,2,2,0,1.8018018018018018,1.8018018018018018
results\run_1m\run_1m_0udp_bbr_5Ghz\run_20260924_182115,rx_bitrate_mbps,continuous,111,0,0,0,0,0,0.0,0.0
results\run_1m\run_1m_0udp_bbr_5Ghz\run_20260924_182115,signal_avg,continuous,111,0,2,2,2,0,1.8018018018018018,1.8018018018018018
results\run_1m\run_1m_0udp_bbr_5Ghz\run_20260924_182115,expected_throughput,continuous,111,111,0,111,0,111,0.0,0.0
results\run_1m\run_1m_0udp_bbr_5Ghz\run_20260924_182115,rtt_ms,continuous,111,2,1,3,0,3,0.9009009009009009,0.0
results\run_1m\run_1m_0udp_bbr_5Ghz\run_20260924_182115,rttvar_ms,continuous,111,2,1,3,0,3,0.9009009009009009,0.0
results\run_1m\run_1m_0udp_bbr_5Ghz\run_20260924_182115,cwnd,continuous,111,2,3,5,3,2,2.7027027027027026,2.7027027027027026
results\run_1m\run_1m_0udp_bbr_5Ghz\run_20260924_182115,throughput_mbps,continuous,111,4,1,5,1,4,0.9009009009009009,0.9009009009009009
results\run_1m\run_1m_0udp_bbr_5Ghz\run_20260924_182115,frequency_mhz,discrete,111,0,0,0,0,0,0.0,0.0
results\run_1m\run_1m_0udp_bbr_5Ghz\run_20260924_182115,channel,discrete,111,0,0,0,0,0,0.0,0.0
results\run_1m\run_1m_0udp_bbr_5Ghz\run_20260924_182115,mcs,discrete,111,0,0,0,0,0,0.0,0.0
results\run_1m\run_1m_0udp_bbr_5Ghz\run_20260924_182115,tx_retries,counter,111,0,0,0,0,0,0.0,0.0
results\run_1m\run_1m_0udp_bbr_5Ghz\run_20260924_182115,tx_failed,counter,111,0,0,0,0,0,0.0,0.0
results\run_1m\run_1m_0udp_bbr_5Ghz\run_20260924_182115,retrans,counter,111,4,0,4,0,4,0.0,0.0
results\run_1m\run_1m_0udp_bbr_5Ghz\run_20260924_182115,lost,counter,111,111,0,111,0,111,0.0,0.0
results\run_1m\run_1m_0udp_bbr_5Ghz\run_20260924_182115,total_retrans,counter,111,4,0,4,0,4,0.0,0.0
results\run_1m\run_1m_0udp_bbr_5Ghz\run_20260924_182353,rssi_dbm,continuous,112,0,1,1,1,0,0.8928571428571428,0.8928571428571428
results\run_1m\run_1m_0udp_bbr_5Ghz\run_20260924_182353,snr_db,continuous,112,112,0,112,0,112,0.0,0.0
results\run_1m\run_1m_0udp_bbr_5Ghz\run_20260924_182353,tx_bitrate_mbps,continuous,112,0,0,0,0,0,0.0,0.0
results\run_1m\run_1m_0udp_bbr_5Ghz\run_20260924_182353,rx_bitrate_mbps,continuous,112,0,4,4,4,0,3.571428571428571,3.571428571428571
results\run_1m\run_1m_0udp_bbr_5Ghz\run_20260924_182353,signal_avg,continuous,112,0,1,1,1,0,0.8928571428571428,0.8928571428571428
results\run_1m\run_1m_0udp_bbr_5Ghz\run_20260924_182353,expected_throughput,continuous,112,112,0,112,0,112,0.0,0.0
results\run_1m\run_1m_0udp_bbr_5Ghz\run_20260924_182353,rtt_ms,continuous,112,1,3,4,1,3,2.6785714285714284,0.8928571428571428
results\run_1m\run_1m_0udp_bbr_5Ghz\run_20260924_182353,rttvar_ms,continuous,112,1,2,3,0,3,1.7857142857142856,0.0
results\run_1m\run_1m_0udp_bbr_5Ghz\run_20260924_182353,cwnd,continuous,112,1,0,1,0,1,0.0,0.0
results\run_1m\run_1m_0udp_bbr_5Ghz\run_20260924_182353,throughput_mbps,continuous,112,10,0,10,6,4,0.0,5.357142857142857
results\run_1m\run_1m_0udp_bbr_5Ghz\run_20260924_182353,frequency_mhz,discrete,112,0,0,0,0,0,0.0,0.0
results\run_1m\run_1m_0udp_bbr_5Ghz\run_20260924_182353,channel,discrete,112,0,0,0,0,0,0.0,0.0
results\run_1m\run_1m_0udp_bbr_5Ghz\run_20260924_182353,mcs,discrete,112,0,0,0,0,0,0.0,0.0
results\run_1m\run_1m_0udp_bbr_5Ghz\run_20260924_182353,tx_retries,counter,112,0,0,0,0,0,0.0,0.0
results\run_1m\run_1m_0udp_bbr_5Ghz\run_20260924_182353,tx_failed,counter,112,0,0,0,0,0,0.0,0.0
results\run_1m\run_1m_0udp_bbr_5Ghz\run_20260924_182353,retrans,counter,112,17,0,17,0,17,0.0,0.0
results\run_1m\run_1m_0udp_bbr_5Ghz\run_20260924_182353,lost,counter,112,110,0,110,0,110,0.0,0.0
results\run_1m\run_1m_0udp_bbr_5Ghz\run_20260924_182353,total_retrans,counter,112,17,0,17,0,17,0.0,0.0
results\run_1m\run_1m_0udp_bbr_5Ghz\run_20260924_182712,rssi_dbm,continuous,105,0,4,4,4,0,3.8095238095238098,3.8095238095238098
results\run_1m\run_1m_0udp_bbr_5Ghz\run_20260924_182712,snr_db,continuous,105,105,0,105,0,105,0.0,0.0
results\run_1m\run_1m_0udp_bbr_5Ghz\run_20260924_182712,tx_bitrate_mbps,continuous,105,0,0,0,0,0,0.0,0.0
results\run_1m\run_1m_0udp_bbr_5Ghz\run_20260924_182712,rx_bitrate_mbps,continuous,105,0,0,0,0,0,0.0,0.0
results\run_1m\run_1m_0udp_bbr_5Ghz\run_20260924_182712,signal_avg,continuous,105,0,4,4,4,0,3.8095238095238098,3.8095238095238098
results\run_1m\run_1m_0udp_bbr_5Ghz\run_20260924_182712,expected_throughput,continuous,105,105,0,105,0,105,0.0,0.0
results\run_1m\run_1m_0udp_bbr_5Ghz\run_20260924_182712,rtt_ms,continuous,105,2,3,5,3,2,2.857142857142857,2.857142857142857
results\run_1m\run_1m_0udp_bbr_5Ghz\run_20260924_182712,rttvar_ms,continuous,105,2,2,4,2,2,1.9047619047619049,1.9047619047619049
results\run_1m\run_1m_0udp_bbr_5Ghz\run_20260924_182712,cwnd,continuous,105,2,1,3,1,2,0.9523809523809524,0.9523809523809524
results\run_1m\run_1m_0udp_bbr_5Ghz\run_20260924_182712,throughput_mbps,continuous,105,8,0,8,5,3,0.0,4.761904761904762
results\run_1m\run_1m_0udp_bbr_5Ghz\run_20260924_182712,frequency_mhz,discrete,105,0,0,0,0,0,0.0,0.0
results\run_1m\run_1m_0udp_bbr_5Ghz\run_20260924_182712,channel,discrete,105,0,0,0,0,0,0.0,0.0
results\run_1m\run_1m_0udp_bbr_5Ghz\run_20260924_182712,mcs,discrete,105,0,0,0,0,0,0.0,0.0
results\run_1m\run_1m_0udp_bbr_5Ghz\run_20260924_182712,tx_retries,counter,105,0,0,0,0,0,0.0,0.0
results\run_1m\run_1m_0udp_bbr_5Ghz\run_20260924_182712,tx_failed,counter,105,0,0,0,0,0,0.0,0.0
results\run_1m\run_1m_0udp_bbr_5Ghz\run_20260924_182712,retrans,counter,105,2,0,2,0,2,0.0,0.0
results\run_1m\run_1m_0udp_bbr_5Ghz\run_20260924_182712,lost,counter,105,105,0,105,0,105,0.0,0.0
results\run_1m\run_1m_0udp_bbr_5Ghz\run_20260924_182712,total_retrans,counter,105,2,0,2,0,2,0.0,0.0
results\run_1m\run_1m_0udp_cubic_5GHz\run_20260911_022845,rssi_dbm,continuous,114,0,0,0,0,0,0.0,0.0
results\run_1m\run_1m_0udp_cubic_5GHz\run_20260911_022845,snr_db,continuous,114,114,0,114,0,114,0.0,0.0
results\run_1m\run_1m_0udp_cubic_5GHz\run_20260911_022845,tx_bitrate_mbps,continuous,114,0,0,0,0,0,0.0,0.0
results\run_1m\run_1m_0udp_cubic_5GHz\run_20260911_022845,rx_bitrate_mbps,continuous,114,0,0,0,0,0,0.0,0.0
results\run_1m\run_1m_0udp_cubic_5GHz\run_20260911_022845,signal_avg,continuous,114,0,0,0,0,0,0.0,0.0
results\run_1m\run_1m_0udp_cubic_5GHz\run_20260911_022845,expected_throughput,continuous,114,114,0,114,0,114,0.0,0.0
results\run_1m\run_1m_0udp_cubic_5GHz\run_20260911_022845,rtt_ms,continuous,114,2,2,4,2,2,1.7543859649122806,1.7543859649122806
results\run_1m\run_1m_0udp_cubic_5GHz\run_20260911_022845,rttvar_ms,continuous,114,2,1,3,1,2,0.8771929824561403,0.8771929824561403
results\run_1m\run_1m_0udp_cubic_5GHz\run_20260911_022845,cwnd,continuous,114,2,0,2,0,2,0.0,0.0
results\run_1m\run_1m_0udp_cubic_5GHz\run_20260911_022845,throughput_mbps,continuous,114,16,2,18,16,2,1.7543859649122806,14.035087719298245
results\run_1m\run_1m_0udp_cubic_5GHz\run_20260911_022845,frequency_mhz,discrete,114,0,0,0,0,0,0.0,0.0
results\run_1m\run_1m_0udp_cubic_5GHz\run_20260911_022845,channel,discrete,114,0,0,0,0,0,0.0,0.0
results\run_1m\run_1m_0udp_cubic_5GHz\run_20260911_022845,mcs,discrete,114,0,0,0,0,0,0.0,0.0
results\run_1m\run_1m_0udp_cubic_5GHz\run_20260911_022845,tx_retries,counter,114,0,0,0,0,0,0.0,0.0
results\run_1m\run_1m_0udp_cubic_5GHz\run_20260911_022845,tx_failed,counter,114,0,0,0,0,0,0.0,0.0
results\run_1m\run_1m_0udp_cubic_5GHz\run_20260911_022845,retrans,counter,114,3,0,3,0,3,0.0,0.0
results\run_1m\run_1m_0udp_cubic_5GHz\run_20260911_022845,lost,counter,114,113,0,113,0,113,0.0,0.0
results\run_1m\run_1m_0udp_cubic_5GHz\run_20260911_022845,total_retrans,counter,114,3,0,3,0,3,0.0,0.0
results\run_1m\run_1m_0udp_cubic_5GHz\run_20260911_023320,rssi_dbm,continuous,114,0,1,1,1,0,0.8771929824561403,0.8771929824561403
results\run_1m\run_1m_0udp_cubic_5GHz\run_20260911_023320,snr_db,continuous,114,114,0,114,0,114,0.0,0.0
results\run_1m\run_1m_0udp_cubic_5GHz\run_20260911_023320,tx_bitrate_mbps,continuous,114,0,0,0,0,0,0.0,0.0
results\run_1m\run_1m_0udp_cubic_5GHz\run_20260911_023320,rx_bitrate_mbps,continuous,114,0,0,0,0,0,0.0,0.0
results\run_1m\run_1m_0udp_cubic_5GHz\run_20260911_023320,signal_avg,continuous,114,0,1,1,0,1,0.8771929824561403,0.0
results\run_1m\run_1m_0udp_cubic_5GHz\run_20260911_023320,expected_throughput,continuous,114,114,0,114,0,114,0.0,0.0
results\run_1m\run_1m_0udp_cubic_5GHz\run_20260911_023320,rtt_ms,continuous,114,2,3,5,2,3,2.631578947368421,1.7543859649122806
results\run_1m\run_1m_0udp_cubic_5GHz\run_20260911_023320,rttvar_ms,continuous,114,2,3,5,2,3,2.631578947368421,1.7543859649122806
results\run_1m\run_1m_0udp_cubic_5GHz\run_20260911_023320,cwnd,continuous,114,2,4,6,4,2,3.508771929824561,3.508771929824561
results\run_1m\run_1m_0udp_cubic_5GHz\run_20260911_023320,throughput_mbps,continuous,114,4,1,5,2,3,0.8771929824561403,1.7543859649122806
results\run_1m\run_1m_0udp_cubic_5GHz\run_20260911_023320,frequency_mhz,discrete,114,0,0,0,0,0,0.0,0.0
results\run_1m\run_1m_0udp_cubic_5GHz\run_20260911_023320,channel,discrete,114,0,0,0,0,0,0.0,0.0
results\run_1m\run_1m_0udp_cubic_5GHz\run_20260911_023320,mcs,discrete,114,0,0,0,0,0,0.0,0.0
results\run_1m\run_1m_0udp_cubic_5GHz\run_20260911_023320,tx_retries,counter,114,0,0,0,0,0,0.0,0.0
results\run_1m\run_1m_0udp_cubic_5GHz\run_20260911_023320,tx_failed,counter,114,0,0,0,0,0,0.0,0.0
results\run_1m\run_1m_0udp_cubic_5GHz\run_20260911_023320,retrans,counter,114,2,0,2,0,2,0.0,0.0
results\run_1m\run_1m_0udp_cubic_5GHz\run_20260911_023320,lost,counter,114,112,0,112,0,112,0.0,0.0
results\run_1m\run_1m_0udp_cubic_5GHz\run_20260911_023320,total_retrans,counter,114,2,0,2,0,2,0.0,0.0
results\run_1m\run_1m_0udp_cubic_5GHz\run_20260911_023642,rssi_dbm,continuous,114,0,0,0,0,0,0.0,0.0
results\run_1m\run_1m_0udp_cubic_5GHz\run_20260911_023642,snr_db,continuous,114,114,0,114,0,114,0.0,0.0
results\run_1m\run_1m_0udp_cubic_5GHz\run_20260911_023642,tx_bitrate_mbps,continuous,114,0,0,0,0,0,0.0,0.0
results\run_1m\run_1m_0udp_cubic_5GHz\run_20260911_023642,rx_bitrate_mbps,continuous,114,0,0,0,0,0,0.0,0.0
results\run_1m\run_1m_0udp_cubic_5GHz\run_20260911_023642,signal_avg,continuous,114,0,0,0,0,0,0.0,0.0
results\run_1m\run_1m_0udp_cubic_5GHz\run_20260911_023642,expected_throughput,continuous,114,114,0,114,0,114,0.0,0.0
results\run_1m\run_1m_0udp_cubic_5GHz\run_20260911_023642,rtt_ms,continuous,114,2,1,3,1,2,0.8771929824561403,0.8771929824561403
results\run_1m\run_1m_0udp_cubic_5GHz\run_20260911_023642,rttvar_ms,continuous,114,2,1,3,1,2,0.8771929824561403,0.8771929824561403
results\run_1m\run_1m_0udp_cubic_5GHz\run_20260911_023642,cwnd,continuous,114,2,3,5,1,4,2.631578947368421,0.8771929824561403
results\run_1m\run_1m_0udp_cubic_5GHz\run_20260911_023642,throughput_mbps,continuous,114,2,1,3,1,2,0.8771929824561403,0.8771929824561403
results\run_1m\run_1m_0udp_cubic_5GHz\run_20260911_023642,frequency_mhz,discrete,114,0,0,0,0,0,0.0,0.0
results\run_1m\run_1m_0udp_cubic_5GHz\run_20260911_023642,channel,discrete,114,0,0,0,0,0,0.0,0.0
results\run_1m\run_1m_0udp_cubic_5GHz\run_20260911_023642,mcs,discrete,114,0,0,0,0,0,0.0,0.0
results\run_1m\run_1m_0udp_cubic_5GHz\run_20260911_023642,tx_retries,counter,114,0,0,0,0,0,0.0,0.0
results\run_1m\run_1m_0udp_cubic_5GHz\run_20260911_023642,tx_failed,counter,114,0,0,0,0,0,0.0,0.0
results\run_1m\run_1m_0udp_cubic_5GHz\run_20260911_023642,retrans,counter,114,2,0,2,0,2,0.0,0.0
results\run_1m\run_1m_0udp_cubic_5GHz\run_20260911_023642,lost,counter,114,113,0,113,0,113,0.0,0.0
results\run_1m\run_1m_0udp_cubic_5GHz\run_20260911_023642,total_retrans,counter,114,2,0,2,0,2,0.0,0.0
results\run_1m\run_1m_50udp_bbr_5Ghz\run_20260924_183053,rssi_dbm,continuous,116,0,3,3,3,0,2.586206896551724,2.586206896551724
results\run_1m\run_1m_50udp_bbr_5Ghz\run_20260924_183053,snr_db,continuous,116,116,0,116,0,116,0.0,0.0
results\run_1m\run_1m_50udp_bbr_5Ghz\run_20260924_183053,tx_bitrate_mbps,continuous,116,0,6,6,1,5,5.172413793103448,0.8620689655172413
results\run_1m\run_1m_50udp_bbr_5Ghz\run_20260924_183053,rx_bitrate_mbps,continuous,116,0,11,11,11,0,9.482758620689655,9.482758620689655
results\run_1m\run_1m_50udp_bbr_5Ghz\run_20260924_183053,signal_avg,continuous,116,0,2,2,2,0,1.7241379310344827,1.7241379310344827
results\run_1m\run_1m_50udp_bbr_5Ghz\run_20260924_183053,expected_throughput,continuous,116,116,0,116,0,116,0.0,0.0
results\run_1m\run_1m_50udp_bbr_5Ghz\run_20260924_183053,rtt_ms,continuous,116,2,2,4,2,2,1.7241379310344827,1.7241379310344827
results\run_1m\run_1m_50udp_bbr_5Ghz\run_20260924_183053,rttvar_ms,continuous,116,2,3,5,3,2,2.586206896551724,2.586206896551724
results\run_1m\run_1m_50udp_bbr_5Ghz\run_20260924_183053,cwnd,continuous,116,2,1,3,1,2,0.8620689655172413,0.8620689655172413
results\run_1m\run_1m_50udp_bbr_5Ghz\run_20260924_183053,throughput_mbps,continuous,116,2,0,2,0,2,0.0,0.0
results\run_1m\run_1m_50udp_bbr_5Ghz\run_20260924_183053,frequency_mhz,discrete,116,0,0,0,0,0,0.0,0.0
results\run_1m\run_1m_50udp_bbr_5Ghz\run_20260924_183053,channel,discrete,116,0,0,0,0,0,0.0,0.0
results\run_1m\run_1m_50udp_bbr_5Ghz\run_20260924_183053,mcs,discrete,116,0,0,0,0,0,0.0,0.0
results\run_1m\run_1m_50udp_bbr_5Ghz\run_20260924_183053,tx_retries,counter,116,0,0,0,0,0,0.0,0.0
results\run_1m\run_1m_50udp_bbr_5Ghz\run_20260924_183053,tx_failed,counter,116,0,0,0,0,0,0.0,0.0
results\run_1m\run_1m_50udp_bbr_5Ghz\run_20260924_183053,retrans,counter,116,36,0,36,0,36,0.0,0.0
results\run_1m\run_1m_50udp_bbr_5Ghz\run_20260924_183053,lost,counter,116,116,0,116,0,116,0.0,0.0
results\run_1m\run_1m_50udp_bbr_5Ghz\run_20260924_183053,total_retrans,counter,116,36,0,36,0,36,0.0,0.0
results\run_1m\run_1m_50udp_bbr_5Ghz\run_20260924_183423,rssi_dbm,continuous,117,0,2,2,1,1,1.7094017094017095,0.8547008547008548
results\run_1m\run_1m_50udp_bbr_5Ghz\run_20260924_183423,snr_db,continuous,117,117,0,117,0,117,0.0,0.0
results\run_1m\run_1m_50udp_bbr_5Ghz\run_20260924_183423,tx_bitrate_mbps,continuous,117,0,4,4,1,3,3.418803418803419,0.8547008547008548
results\run_1m\run_1m_50udp_bbr_5Ghz\run_20260924_183423,rx_bitrate_mbps,continuous,117,0,12,12,12,0,10.256410256410255,10.256410256410255
results\run_1m\run_1m_50udp_bbr_5Ghz\run_20260924_183423,signal_avg,continuous,117,0,3,3,3,0,2.564102564102564,2.564102564102564
results\run_1m\run_1m_50udp_bbr_5Ghz\run_20260924_183423,expected_throughput,continuous,117,117,0,117,0,117,0.0,0.0
results\run_1m\run_1m_50udp_bbr_5Ghz\run_20260924_183423,rtt_ms,continuous,117,2,1,3,1,2,0.8547008547008548,0.8547008547008548
results\run_1m\run_1m_50udp_bbr_5Ghz\run_20260924_183423,rttvar_ms,continuous,117,2,1,3,1,2,0.8547008547008548,0.8547008547008548
results\run_1m\run_1m_50udp_bbr_5Ghz\run_20260924_183423,cwnd,continuous,117,2,2,4,2,2,1.7094017094017095,1.7094017094017095
results\run_1m\run_1m_50udp_bbr_5Ghz\run_20260924_183423,throughput_mbps,continuous,117,2,1,3,1,2,0.8547008547008548,0.8547008547008548
results\run_1m\run_1m_50udp_bbr_5Ghz\run_20260924_183423,frequency_mhz,discrete,117,0,0,0,0,0,0.0,0.0
results\run_1m\run_1m_50udp_bbr_5Ghz\run_20260924_183423,channel,discrete,117,0,0,0,0,0,0.0,0.0
results\run_1m\run_1m_50udp_bbr_5Ghz\run_20260924_183423,mcs,discrete,117,0,0,0,0,0,0.0,0.0
results\run_1m\run_1m_50udp_bbr_5Ghz\run_20260924_183423,tx_retries,counter,117,0,0,0,0,0,0.0,0.0
results\run_1m\run_1m_50udp_bbr_5Ghz\run_20260924_183423,tx_failed,counter,117,0,0,0,0,0,0.0,0.0
results\run_1m\run_1m_50udp_bbr_5Ghz\run_20260924_183423,retrans,counter,117,20,0,20,0,20,0.0,0.0
results\run_1m\run_1m_50udp_bbr_5Ghz\run_20260924_183423,lost,counter,117,116,0,116,0,116,0.0,0.0
results\run_1m\run_1m_50udp_bbr_5Ghz\run_20260924_183423,total_retrans,counter,117,20,0,20,0,20,0.0,0.0
results\run_1m\run_1m_50udp_bbr_5Ghz\run_20260924_183853,rssi_dbm,continuous,117,0,0,0,0,0,0.0,0.0
results\run_1m\run_1m_50udp_bbr_5Ghz\run_20260924_183853,snr_db,continuous,117,117,0,117,0,117,0.0,0.0
results\run_1m\run_1m_50udp_bbr_5Ghz\run_20260924_183853,tx_bitrate_mbps,continuous,117,0,1,1,1,0,0.8547008547008548,0.8547008547008548
results\run_1m\run_1m_50udp_bbr_5Ghz\run_20260924_183853,rx_bitrate_mbps,continuous,117,0,13,13,13,0,11.11111111111111,11.11111111111111
results\run_1m\run_1m_50udp_bbr_5Ghz\run_20260924_183853,signal_avg,continuous,117,0,3,3,3,0,2.564102564102564,2.564102564102564
results\run_1m\run_1m_50udp_bbr_5Ghz\run_20260924_183853,expected_throughput,continuous,117,117,0,117,0,117,0.0,0.0
results\run_1m\run_1m_50udp_bbr_5Ghz\run_20260924_183853,rtt_ms,continuous,117,2,3,5,3,2,2.564102564102564,2.564102564102564
results\run_1m\run_1m_50udp_bbr_5Ghz\run_20260924_183853,rttvar_ms,continuous,117,2,1,3,1,2,0.8547008547008548,0.8547008547008548
results\run_1m\run_1m_50udp_bbr_5Ghz\run_20260924_183853,cwnd,continuous,117,2,0,2,0,2,0.0,0.0
results\run_1m\run_1m_50udp_bbr_5Ghz\run_20260924_183853,throughput_mbps,continuous,117,2,0,2,0,2,0.0,0.0
results\run_1m\run_1m_50udp_bbr_5Ghz\run_20260924_183853,frequency_mhz,discrete,117,0,0,0,0,0,0.0,0.0
results\run_1m\run_1m_50udp_bbr_5Ghz\run_20260924_183853,channel,discrete,117,0,0,0,0,0,0.0,0.0
results\run_1m\run_1m_50udp_bbr_5Ghz\run_20260924_183853,mcs,discrete,117,0,0,0,0,0,0.0,0.0
results\run_1m\run_1m_50udp_bbr_5Ghz\run_20260924_183853,tx_retries,counter,117,0,0,0,0,0,0.0,0.0
results\run_1m\run_1m_50udp_bbr_5Ghz\run_20260924_183853,tx_failed,counter,117,0,0,0,0,0,0.0,0.0
results\run_1m\run_1m_50udp_bbr_5Ghz\run_20260924_183853,retrans,counter,117,5,0,5,0,5,0.0,0.0
results\run_1m\run_1m_50udp_bbr_5Ghz\run_20260924_183853,lost,counter,117,117,0,117,0,117,0.0,0.0
results\run_1m\run_1m_50udp_bbr_5Ghz\run_20260924_183853,total_retrans,counter,117,5,0,5,0,5,0.0,0.0
results\run_1m\run_1m_50udp_cubic_5GHz\run_20260911_034326,rssi_dbm,continuous,117,0,2,2,2,0,1.7094017094017095,1.7094017094017095
results\run_1m\run_1m_50udp_cubic_5GHz\run_20260911_034326,snr_db,continuous,117,117,0,117,0,117,0.0,0.0
results\run_1m\run_1m_50udp_cubic_5GHz\run_20260911_034326,tx_bitrate_mbps,continuous,117,0,3,3,1,2,2.564102564102564,0.8547008547008548
results\run_1m\run_1m_50udp_cubic_5GHz\run_20260911_034326,rx_bitrate_mbps,continuous,117,0,0,0,0,0,0.0,0.0
results\run_1m\run_1m_50udp_cubic_5GHz\run_20260911_034326,signal_avg,continuous,117,0,0,0,0,0,0.0,0.0
results\run_1m\run_1m_50udp_cubic_5GHz\run_20260911_034326,expected_throughput,continuous,117,117,0,117,0,117,0.0,0.0
results\run_1m\run_1m_50udp_cubic_5GHz\run_20260911_034326,rtt_ms,continuous,117,2,1,3,1,2,0.8547008547008548,0.8547008547008548
results\run_1m\run_1m_50udp_cubic_5GHz\run_20260911_034326,rttvar_ms,continuous,117,2,2,4,2,2,1.7094017094017095,1.7094017094017095
results\run_1m\run_1m_50udp_cubic_5GHz\run_20260911_034326,cwnd,continuous,117,2,0,2,0,2,0.0,0.0
results\run_1m\run_1m_50udp_cubic_5GHz\run_20260911_034326,throughput_mbps,continuous,117,12,0,12,9,3,0.0,7.6923076923076925
results\run_1m\run_1m_50udp_cubic_5GHz\run_20260911_034326,frequency_mhz,discrete,117,0,0,0,0,0,0.0,0.0
results\run_1m\run_1m_50udp_cubic_5GHz\run_20260911_034326,channel,discrete,117,0,0,0,0,0,0.0,0.0
results\run_1m\run_1m_50udp_cubic_5GHz\run_20260911_034326,mcs,discrete,117,0,0,0,0,0,0.0,0.0
results\run_1m\run_1m_50udp_cubic_5GHz\run_20260911_034326,tx_retries,counter,117,0,0,0,0,0,0.0,0.0
results\run_1m\run_1m_50udp_cubic_5GHz\run_20260911_034326,tx_failed,counter,117,0,0,0,0,0,0.0,0.0
results\run_1m\run_1m_50udp_cubic_5GHz\run_20260911_034326,retrans,counter,117,25,0,25,0,25,0.0,0.0
results\run_1m\run_1m_50udp_cubic_5GHz\run_20260911_034326,lost,counter,117,116,0,116,0,116,0.0,0.0
results\run_1m\run_1m_50udp_cubic_5GHz\run_20260911_034326,total_retrans,counter,117,25,0,25,0,25,0.0,0.0
results\run_1m\run_1m_50udp_cubic_5GHz\run_20260911_034648,rssi_dbm,continuous,117,0,1,1,0,1,0.8547008547008548,0.0
results\run_1m\run_1m_50udp_cubic_5GHz\run_20260911_034648,snr_db,continuous,117,117,0,117,0,117,0.0,0.0
results\run_1m\run_1m_50udp_cubic_5GHz\run_20260911_034648,tx_bitrate_mbps,continuous,117,0,0,0,0,0,0.0,0.0
results\run_1m\run_1m_50udp_cubic_5GHz\run_20260911_034648,rx_bitrate_mbps,continuous,117,0,0,0,0,0,0.0,0.0
results\run_1m\run_1m_50udp_cubic_5GHz\run_20260911_034648,signal_avg,continuous,117,0,0,0,0,0,0.0,0.0
results\run_1m\run_1m_50udp_cubic_5GHz\run_20260911_034648,expected_throughput,continuous,117,117,0,117,0,117,0.0,0.0
results\run_1m\run_1m_50udp_cubic_5GHz\run_20260911_034648,rtt_ms,continuous,117,2,2,4,2,2,1.7094017094017095,1.7094017094017095
results\run_1m\run_1m_50udp_cubic_5GHz\run_20260911_034648,rttvar_ms,continuous,117,2,4,6,4,2,3.418803418803419,3.418803418803419
results\run_1m\run_1m_50udp_cubic_5GHz\run_20260911_034648,cwnd,continuous,117,2,0,2,0,2,0.0,0.0
results\run_1m\run_1m_50udp_cubic_5GHz\run_20260911_034648,throughput_mbps,continuous,117,3,0,3,0,3,0.0,0.0
results\run_1m\run_1m_50udp_cubic_5GHz\run_20260911_034648,frequency_mhz,discrete,117,0,0,0,0,0,0.0,0.0
results\run_1m\run_1m_50udp_cubic_5GHz\run_20260911_034648,channel,discrete,117,0,0,0,0,0,0.0,0.0
results\run_1m\run_1m_50udp_cubic_5GHz\run_20260911_034648,mcs,discrete,117,0,0,0,0,0,0.0,0.0
results\run_1m\run_1m_50udp_cubic_5GHz\run_20260911_034648,tx_retries,counter,117,0,0,0,0,0,0.0,0.0
results\run_1m\run_1m_50udp_cubic_5GHz\run_20260911_034648,tx_failed,counter,117,0,0,0,0,0,0.0,0.0
results\run_1m\run_1m_50udp_cubic_5GHz\run_20260911_034648,retrans,counter,117,2,0,2,0,2,0.0,0.0
results\run_1m\run_1m_50udp_cubic_5GHz\run_20260911_034648,lost,counter,117,117,0,117,0,117,0.0,0.0
results\run_1m\run_1m_50udp_cubic_5GHz\run_20260911_034648,total_retrans,counter,117,2,0,2,0,2,0.0,0.0
results\run_1m\run_1m_50udp_cubic_5GHz\run_20260911_035050,rssi_dbm,continuous,118,0,3,3,3,0,2.5423728813559325,2.5423728813559325
results\run_1m\run_1m_50udp_cubic_5GHz\run_20260911_035050,snr_db,continuous,118,118,0,118,0,118,0.0,0.0
results\run_1m\run_1m_50udp_cubic_5GHz\run_20260911_035050,tx_bitrate_mbps,continuous,118,0,0,0,0,0,0.0,0.0
results\run_1m\run_1m_50udp_cubic_5GHz\run_20260911_035050,rx_bitrate_mbps,continuous,118,0,0,0,0,0,0.0,0.0
results\run_1m\run_1m_50udp_cubic_5GHz\run_20260911_035050,signal_avg,continuous,118,0,0,0,0,0,0.0,0.0
results\run_1m\run_1m_50udp_cubic_5GHz\run_20260911_035050,expected_throughput,continuous,118,118,0,118,0,118,0.0,0.0
results\run_1m\run_1m_50udp_cubic_5GHz\run_20260911_035050,rtt_ms,continuous,118,2,1,3,1,2,0.847457627118644,0.847457627118644
results\run_1m\run_1m_50udp_cubic_5GHz\run_20260911_035050,rttvar_ms,continuous,118,2,4,6,4,2,3.389830508474576,3.389830508474576
results\run_1m\run_1m_50udp_cubic_5GHz\run_20260911_035050,cwnd,continuous,118,2,0,2,0,2,0.0,0.0
results\run_1m\run_1m_50udp_cubic_5GHz\run_20260911_035050,throughput_mbps,continuous,118,4,0,4,1,3,0.0,0.847457627118644
results\run_1m\run_1m_50udp_cubic_5GHz\run_20260911_035050,frequency_mhz,discrete,118,0,0,0,0,0,0.0,0.0
results\run_1m\run_1m_50udp_cubic_5GHz\run_20260911_035050,channel,discrete,118,0,0,0,0,0,0.0,0.0
results\run_1m\run_1m_50udp_cubic_5GHz\run_20260911_035050,mcs,discrete,118,0,0,0,0,0,0.0,0.0
results\run_1m\run_1m_50udp_cubic_5GHz\run_20260911_035050,tx_retries,counter,118,0,0,0,0,0,0.0,0.0
results\run_1m\run_1m_50udp_cubic_5GHz\run_20260911_035050,tx_failed,counter,118,0,0,0,0,0,0.0,0.0
results\run_1m\run_1m_50udp_cubic_5GHz\run_20260911_035050,retrans,counter,118,34,0,34,0,34,0.0,0.0
results\run_1m\run_1m_50udp_cubic_5GHz\run_20260911_035050,lost,counter,118,115,0,115,0,115,0.0,0.0
results\run_1m\run_1m_50udp_cubic_5GHz\run_20260911_035050,total_retrans,counter,118,34,0,34,0,34,0.0,0.0
results\run_1m\run_1m_80udp_bbr_5Ghz\run_20260924_184323,rssi_dbm,continuous,118,0,2,2,2,0,1.694915254237288,1.694915254237288
results\run_1m\run_1m_80udp_bbr_5Ghz\run_20260924_184323,snr_db,continuous,118,118,0,118,0,118,0.0,0.0
results\run_1m\run_1m_80udp_bbr_5Ghz\run_20260924_184323,tx_bitrate_mbps,continuous,118,0,0,0,0,0,0.0,0.0
results\run_1m\run_1m_80udp_bbr_5Ghz\run_20260924_184323,rx_bitrate_mbps,continuous,118,0,13,13,13,0,11.016949152542372,11.016949152542372
results\run_1m\run_1m_80udp_bbr_5Ghz\run_20260924_184323,signal_avg,continuous,118,0,0,0,0,0,0.0,0.0
results\run_1m\run_1m_80udp_bbr_5Ghz\run_20260924_184323,expected_throughput,continuous,118,118,0,118,0,118,0.0,0.0
results\run_1m\run_1m_80udp_bbr_5Ghz\run_20260924_184323,rtt_ms,continuous,118,2,3,5,3,2,2.5423728813559325,2.5423728813559325
results\run_1m\run_1m_80udp_bbr_5Ghz\run_20260924_184323,rttvar_ms,continuous,118,2,3,5,3,2,2.5423728813559325,2.5423728813559325
results\run_1m\run_1m_80udp_bbr_5Ghz\run_20260924_184323,cwnd,continuous,118,2,2,4,2,2,1.694915254237288,1.694915254237288
results\run_1m\run_1m_80udp_bbr_5Ghz\run_20260924_184323,throughput_mbps,continuous,118,2,0,2,0,2,0.0,0.0
results\run_1m\run_1m_80udp_bbr_5Ghz\run_20260924_184323,frequency_mhz,discrete,118,0,0,0,0,0,0.0,0.0
results\run_1m\run_1m_80udp_bbr_5Ghz\run_20260924_184323,channel,discrete,118,0,0,0,0,0,0.0,0.0
results\run_1m\run_1m_80udp_bbr_5Ghz\run_20260924_184323,mcs,discrete,118,0,0,0,0,0,0.0,0.0
results\run_1m\run_1m_80udp_bbr_5Ghz\run_20260924_184323,tx_retries,counter,118,0,0,0,0,0,0.0,0.0
results\run_1m\run_1m_80udp_bbr_5Ghz\run_20260924_184323,tx_failed,counter,118,0,0,0,0,0,0.0,0.0
results\run_1m\run_1m_80udp_bbr_5Ghz\run_20260924_184323,retrans,counter,118,62,0,62,0,62,0.0,0.0
results\run_1m\run_1m_80udp_bbr_5Ghz\run_20260924_184323,lost,counter,118,112,0,112,0,112,0.0,0.0
results\run_1m\run_1m_80udp_bbr_5Ghz\run_20260924_184323,total_retrans,counter,118,62,0,62,0,62,0.0,0.0
results\run_1m\run_1m_80udp_bbr_5Ghz\run_20260924_184707,rssi_dbm,continuous,118,0,5,5,5,0,4.23728813559322,4.23728813559322
results\run_1m\run_1m_80udp_bbr_5Ghz\run_20260924_184707,snr_db,continuous,118,118,0,118,0,118,0.0,0.0
results\run_1m\run_1m_80udp_bbr_5Ghz\run_20260924_184707,tx_bitrate_mbps,continuous,118,0,2,2,0,2,1.694915254237288,0.0
results\run_1m\run_1m_80udp_bbr_5Ghz\run_20260924_184707,rx_bitrate_mbps,continuous,118,0,0,0,0,0,0.0,0.0
results\run_1m\run_1m_80udp_bbr_5Ghz\run_20260924_184707,signal_avg,continuous,118,0,0,0,0,0,0.0,0.0
results\run_1m\run_1m_80udp_bbr_5Ghz\run_20260924_184707,expected_throughput,continuous,118,118,0,118,0,118,0.0,0.0
results\run_1m\run_1m_80udp_bbr_5Ghz\run_20260924_184707,rtt_ms,continuous,118,2,2,4,2,2,1.694915254237288,1.694915254237288
results\run_1m\run_1m_80udp_bbr_5Ghz\run_20260924_184707,rttvar_ms,continuous,118,2,5,7,5,2,4.23728813559322,4.23728813559322
results\run_1m\run_1m_80udp_bbr_5Ghz\run_20260924_184707,cwnd,continuous,118,2,4,6,4,2,3.389830508474576,3.389830508474576
results\run_1m\run_1m_80udp_bbr_5Ghz\run_20260924_184707,throughput_mbps,continuous,118,6,4,10,5,5,3.389830508474576,4.23728813559322
results\run_1m\run_1m_80udp_bbr_5Ghz\run_20260924_184707,frequency_mhz,discrete,118,0,0,0,0,0,0.0,0.0
results\run_1m\run_1m_80udp_bbr_5Ghz\run_20260924_184707,channel,discrete,118,0,0,0,0,0,0.0,0.0
results\run_1m\run_1m_80udp_bbr_5Ghz\run_20260924_184707,mcs,discrete,118,0,0,0,0,0,0.0,0.0
results\run_1m\run_1m_80udp_bbr_5Ghz\run_20260924_184707,tx_retries,counter,118,0,0,0,0,0,0.0,0.0
results\run_1m\run_1m_80udp_bbr_5Ghz\run_20260924_184707,tx_failed,counter,118,0,0,0,0,0,0.0,0.0
results\run_1m\run_1m_80udp_bbr_5Ghz\run_20260924_184707,retrans,counter,118,3,0,3,0,3,0.0,0.0
results\run_1m\run_1m_80udp_bbr_5Ghz\run_20260924_184707,lost,counter,118,113,0,113,0,113,0.0,0.0
results\run_1m\run_1m_80udp_bbr_5Ghz\run_20260924_184707,total_retrans,counter,118,3,0,3,0,3,0.0,0.0
results\run_1m\run_1m_80udp_cubic_5GHz\run_20260911_035349,rssi_dbm,continuous,119,0,1,1,1,0,0.8403361344537815,0.8403361344537815
results\run_1m\run_1m_80udp_cubic_5GHz\run_20260911_035349,snr_db,continuous,119,119,0,119,0,119,0.0,0.0
results\run_1m\run_1m_80udp_cubic_5GHz\run_20260911_035349,tx_bitrate_mbps,continuous,119,0,3,3,0,3,2.5210084033613445,0.0
results\run_1m\run_1m_80udp_cubic_5GHz\run_20260911_035349,rx_bitrate_mbps,continuous,119,0,0,0,0,0,0.0,0.0
results\run_1m\run_1m_80udp_cubic_5GHz\run_20260911_035349,signal_avg,continuous,119,0,7,7,4,3,5.88235294117647,3.361344537815126
results\run_1m\run_1m_80udp_cubic_5GHz\run_20260911_035349,expected_throughput,continuous,119,119,0,119,0,119,0.0,0.0
results\run_1m\run_1m_80udp_cubic_5GHz\run_20260911_035349,rtt_ms,continuous,119,2,2,4,2,2,1.680672268907563,1.680672268907563
results\run_1m\run_1m_80udp_cubic_5GHz\run_20260911_035349,rttvar_ms,continuous,119,2,2,4,2,2,1.680672268907563,1.680672268907563
results\run_1m\run_1m_80udp_cubic_5GHz\run_20260911_035349,cwnd,continuous,119,2,0,2,0,2,0.0,0.0
results\run_1m\run_1m_80udp_cubic_5GHz\run_20260911_035349,throughput_mbps,continuous,119,2,2,4,2,2,1.680672268907563,1.680672268907563
results\run_1m\run_1m_80udp_cubic_5GHz\run_20260911_035349,frequency_mhz,discrete,119,0,0,0,0,0,0.0,0.0
results\run_1m\run_1m_80udp_cubic_5GHz\run_20260911_035349,channel,discrete,119,0,0,0,0,0,0.0,0.0
results\run_1m\run_1m_80udp_cubic_5GHz\run_20260911_035349,mcs,discrete,119,0,0,0,0,0,0.0,0.0
results\run_1m\run_1m_80udp_cubic_5GHz\run_20260911_035349,tx_retries,counter,119,0,0,0,0,0,0.0,0.0
results\run_1m\run_1m_80udp_cubic_5GHz\run_20260911_035349,tx_failed,counter,119,0,0,0,0,0,0.0,0.0
results\run_1m\run_1m_80udp_cubic_5GHz\run_20260911_035349,retrans,counter,119,28,0,28,0,28,0.0,0.0
results\run_1m\run_1m_80udp_cubic_5GHz\run_20260911_035349,lost,counter,119,117,0,117,0,117,0.0,0.0
results\run_1m\run_1m_80udp_cubic_5GHz\run_20260911_035349,total_retrans,counter,119,28,0,28,0,28,0.0,0.0
results\run_1m\run_1m_80udp_cubic_5GHz\run_20260911_035825,rssi_dbm,continuous,114,0,1,1,1,0,0.8771929824561403,0.8771929824561403
results\run_1m\run_1m_80udp_cubic_5GHz\run_20260911_035825,snr_db,continuous,114,114,0,114,0,114,0.0,0.0
results\run_1m\run_1m_80udp_cubic_5GHz\run_20260911_035825,tx_bitrate_mbps,continuous,114,0,2,2,0,2,1.7543859649122806,0.0
results\run_1m\run_1m_80udp_cubic_5GHz\run_20260911_035825,rx_bitrate_mbps,continuous,114,0,0,0,0,0,0.0,0.0
results\run_1m\run_1m_80udp_cubic_5GHz\run_20260911_035825,signal_avg,continuous,114,0,0,0,0,0,0.0,0.0
results\run_1m\run_1m_80udp_cubic_5GHz\run_20260911_035825,expected_throughput,continuous,114,114,0,114,0,114,0.0,0.0
results\run_1m\run_1m_80udp_cubic_5GHz\run_20260911_035825,rtt_ms,continuous,114,2,3,5,3,2,2.631578947368421,2.631578947368421
results\run_1m\run_1m_80udp_cubic_5GHz\run_20260911_035825,rttvar_ms,continuous,114,2,3,5,3,2,2.631578947368421,2.631578947368421
results\run_1m\run_1m_80udp_cubic_5GHz\run_20260911_035825,cwnd,continuous,114,2,0,2,0,2,0.0,0.0
results\run_1m\run_1m_80udp_cubic_5GHz\run_20260911_035825,throughput_mbps,continuous,114,6,4,10,6,4,3.508771929824561,5.263157894736842
results\run_1m\run_1m_80udp_cubic_5GHz\run_20260911_035825,frequency_mhz,discrete,114,0,0,0,0,0,0.0,0.0
results\run_1m\run_1m_80udp_cubic_5GHz\run_20260911_035825,channel,discrete,114,0,0,0,0,0,0.0,0.0
results\run_1m\run_1m_80udp_cubic_5GHz\run_20260911_035825,mcs,discrete,114,0,0,0,0,0,0.0,0.0
results\run_1m\run_1m_80udp_cubic_5GHz\run_20260911_035825,tx_retries,counter,114,0,0,0,0,0,0.0,0.0
results\run_1m\run_1m_80udp_cubic_5GHz\run_20260911_035825,tx_failed,counter,114,0,0,0,0,0,0.0,0.0
results\run_1m\run_1m_80udp_cubic_5GHz\run_20260911_035825,retrans,counter,114,24,0,24,0,24,0.0,0.0
results\run_1m\run_1m_80udp_cubic_5GHz\run_20260911_035825,lost,counter,114,108,0,108,0,108,0.0,0.0
results\run_1m\run_1m_80udp_cubic_5GHz\run_20260911_035825,total_retrans,counter,114,24,0,24,0,24,0.0,0.0
results\run_1m\run_1m_80udp_cubic_5GHz\run_20260911_040343,rssi_dbm,continuous,118,0,0,0,0,0,0.0,0.0
results\run_1m\run_1m_80udp_cubic_5GHz\run_20260911_040343,snr_db,continuous,118,118,0,118,0,118,0.0,0.0
results\run_1m\run_1m_80udp_cubic_5GHz\run_20260911_040343,tx_bitrate_mbps,continuous,118,0,4,4,2,2,3.389830508474576,1.694915254237288
results\run_1m\run_1m_80udp_cubic_5GHz\run_20260911_040343,rx_bitrate_mbps,continuous,118,0,0,0,0,0,0.0,0.0
results\run_1m\run_1m_80udp_cubic_5GHz\run_20260911_040343,signal_avg,continuous,118,0,0,0,0,0,0.0,0.0
results\run_1m\run_1m_80udp_cubic_5GHz\run_20260911_040343,expected_throughput,continuous,118,118,0,118,0,118,0.0,0.0
results\run_1m\run_1m_80udp_cubic_5GHz\run_20260911_040343,rtt_ms,continuous,118,2,1,3,1,2,0.847457627118644,0.847457627118644
results\run_1m\run_1m_80udp_cubic_5GHz\run_20260911_040343,rttvar_ms,continuous,118,2,4,6,4,2,3.389830508474576,3.389830508474576
results\run_1m\run_1m_80udp_cubic_5GHz\run_20260911_040343,cwnd,continuous,118,2,0,2,0,2,0.0,0.0
results\run_1m\run_1m_80udp_cubic_5GHz\run_20260911_040343,throughput_mbps,continuous,118,6,2,8,5,3,1.694915254237288,4.23728813559322
results\run_1m\run_1m_80udp_cubic_5GHz\run_20260911_040343,frequency_mhz,discrete,118,0,0,0,0,0,0.0,0.0
results\run_1m\run_1m_80udp_cubic_5GHz\run_20260911_040343,channel,discrete,118,0,0,0,0,0,0.0,0.0
results\run_1m\run_1m_80udp_cubic_5GHz\run_20260911_040343,mcs,discrete,118,0,0,0,0,0,0.0,0.0
results\run_1m\run_1m_80udp_cubic_5GHz\run_20260911_040343,tx_retries,counter,118,0,0,0,0,0,0.0,0.0
results\run_1m\run_1m_80udp_cubic_5GHz\run_20260911_040343,tx_failed,counter,118,0,0,0,0,0,0.0,0.0
results\run_1m\run_1m_80udp_cubic_5GHz\run_20260911_040343,retrans,counter,118,2,0,2,0,2,0.0,0.0
results\run_1m\run_1m_80udp_cubic_5GHz\run_20260911_040343,lost,counter,118,115,0,115,0,115,0.0,0.0
results\run_1m\run_1m_80udp_cubic_5GHz\run_20260911_040343,total_retrans,counter,118,2,0,2,0,2,0.0,0.0
results_downlink\run_5m\run_5m_0udp_bbr_5GHz\run_20260929_185719,rssi_dbm,continuous,113,0,1,1,0,1,0.8849557522123894,0.0
results_downlink\run_5m\run_5m_0udp_bbr_5GHz\run_20260929_185719,snr_db,continuous,113,113,0,113,0,113,0.0,0.0
results_downlink\run_5m\run_5m_0udp_bbr_5GHz\run_20260929_185719,tx_bitrate_mbps,continuous,113,0,0,0,0,0,0.0,0.0
results_downlink\run_5m\run_5m_0udp_bbr_5GHz\run_20260929_185719,rx_bitrate_mbps,continuous,113,0,5,5,5,0,4.424778761061947,4.424778761061947
results_downlink\run_5m\run_5m_0udp_bbr_5GHz\run_20260929_185719,signal_avg,continuous,113,0,0,0,0,0,0.0,0.0
results_downlink\run_5m\run_5m_0udp_bbr_5GHz\run_20260929_185719,expected_throughput,continuous,113,113,0,113,0,113,0.0,0.0
results_downlink\run_5m\run_5m_0udp_bbr_5GHz\run_20260929_185719,rtt_ms,continuous,113,2,0,2,0,2,0.0,0.0
results_downlink\run_5m\run_5m_0udp_bbr_5GHz\run_20260929_185719,rttvar_ms,continuous,113,2,0,2,0,2,0.0,0.0
results_downlink\run_5m\run_5m_0udp_bbr_5GHz\run_20260929_185719,cwnd,continuous,113,2,0,2,0,2,0.0,0.0
results_downlink\run_5m\run_5m_0udp_bbr_5GHz\run_20260929_185719,throughput_mbps,continuous,113,2,1,3,0,3,0.8849557522123894,0.0
results_downlink\run_5m\run_5m_0udp_bbr_5GHz\run_20260929_185719,frequency_mhz,discrete,113,0,0,0,0,0,0.0,0.0
results_downlink\run_5m\run_5m_0udp_bbr_5GHz\run_20260929_185719,channel,discrete,113,0,0,0,0,0,0.0,0.0
results_downlink\run_5m\run_5m_0udp_bbr_5GHz\run_20260929_185719,mcs,discrete,113,0,0,0,0,0,0.0,0.0
results_downlink\run_5m\run_5m_0udp_bbr_5GHz\run_20260929_185719,tx_retries,counter,113,0,0,0,0,0,0.0,0.0
results_downlink\run_5m\run_5m_0udp_bbr_5GHz\run_20260929_185719,tx_failed,counter,113,0,0,0,0,0,0.0,0.0
results_downlink\run_5m\run_5m_0udp_bbr_5GHz\run_20260929_185719,retrans,counter,113,113,0,113,0,113,0.0,0.0
results_downlink\run_5m\run_5m_0udp_bbr_5GHz\run_20260929_185719,lost,counter,113,113,0,113,0,113,0.0,0.0
results_downlink\run_5m\run_5m_0udp_bbr_5GHz\run_20260929_185719,total_retrans,counter,113,113,0,113,0,113,0.0,0.0
results_downlink\run_5m\run_5m_0udp_bbr_5GHz\run_20260929_190005,rssi_dbm,continuous,114,0,0,0,0,0,0.0,0.0
results_downlink\run_5m\run_5m_0udp_bbr_5GHz\run_20260929_190005,snr_db,continuous,114,114,0,114,0,114,0.0,0.0
results_downlink\run_5m\run_5m_0udp_bbr_5GHz\run_20260929_190005,tx_bitrate_mbps,continuous,114,0,3,3,0,3,2.631578947368421,0.0
results_downlink\run_5m\run_5m_0udp_bbr_5GHz\run_20260929_190005,rx_bitrate_mbps,continuous,114,0,5,5,2,3,4.385964912280701,1.7543859649122806
results_downlink\run_5m\run_5m_0udp_bbr_5GHz\run_20260929_190005,signal_avg,continuous,114,0,1,1,1,0,0.8771929824561403,0.8771929824561403
results_downlink\run_5m\run_5m_0udp_bbr_5GHz\run_20260929_190005,expected_throughput,continuous,114,114,0,114,0,114,0.0,0.0
results_downlink\run_5m\run_5m_0udp_bbr_5GHz\run_20260929_190005,rtt_ms,continuous,114,2,0,2,0,2,0.0,0.0
results_downlink\run_5m\run_5m_0udp_bbr_5GHz\run_20260929_190005,rttvar_ms,continuous,114,2,0,2,0,2,0.0,0.0
results_downlink\run_5m\run_5m_0udp_bbr_5GHz\run_20260929_190005,cwnd,continuous,114,2,0,2,0,2,0.0,0.0
results_downlink\run_5m\run_5m_0udp_bbr_5GHz\run_20260929_190005,throughput_mbps,continuous,114,3,1,4,0,4,0.8771929824561403,0.0
results_downlink\run_5m\run_5m_0udp_bbr_5GHz\run_20260929_190005,frequency_mhz,discrete,114,0,0,0,0,0,0.0,0.0
results_downlink\run_5m\run_5m_0udp_bbr_5GHz\run_20260929_190005,channel,discrete,114,0,0,0,0,0,0.0,0.0
results_downlink\run_5m\run_5m_0udp_bbr_5GHz\run_20260929_190005,mcs,discrete,114,0,0,0,0,0,0.0,0.0
results_downlink\run_5m\run_5m_0udp_bbr_5GHz\run_20260929_190005,tx_retries,counter,114,0,0,0,0,0,0.0,0.0
results_downlink\run_5m\run_5m_0udp_bbr_5GHz\run_20260929_190005,tx_failed,counter,114,0,0,0,0,0,0.0,0.0
results_downlink\run_5m\run_5m_0udp_bbr_5GHz\run_20260929_190005,retrans,counter,114,114,0,114,0,114,0.0,0.0
results_downlink\run_5m\run_5m_0udp_bbr_5GHz\run_20260929_190005,lost,counter,114,114,0,114,0,114,0.0,0.0
results_downlink\run_5m\run_5m_0udp_bbr_5GHz\run_20260929_190005,total_retrans,counter,114,114,0,114,0,114,0.0,0.0
results_downlink\run_5m\run_5m_0udp_bbr_5GHz\run_20260929_190247,rssi_dbm,continuous,107,0,2,2,2,0,1.8691588785046727,1.8691588785046727
results_downlink\run_5m\run_5m_0udp_bbr_5GHz\run_20260929_190247,snr_db,continuous,107,107,0,107,0,107,0.0,0.0
results_downlink\run_5m\run_5m_0udp_bbr_5GHz\run_20260929_190247,tx_bitrate_mbps,continuous,107,0,8,8,5,3,7.476635514018691,4.672897196261682
results_downlink\run_5m\run_5m_0udp_bbr_5GHz\run_20260929_190247,rx_bitrate_mbps,continuous,107,0,10,10,8,2,9.345794392523365,7.476635514018691
results_downlink\run_5m\run_5m_0udp_bbr_5GHz\run_20260929_190247,signal_avg,continuous,107,0,3,3,1,2,2.803738317757009,0.9345794392523363
results_downlink\run_5m\run_5m_0udp_bbr_5GHz\run_20260929_190247,expected_throughput,continuous,107,107,0,107,0,107,0.0,0.0
results_downlink\run_5m\run_5m_0udp_bbr_5GHz\run_20260929_190247,rtt_ms,continuous,107,3,0,3,0,3,0.0,0.0
results_downlink\run_5m\run_5m_0udp_bbr_5GHz\run_20260929_190247,rttvar_ms,continuous,107,3,0,3,0,3,0.0,0.0
results_downlink\run_5m\run_5m_0udp_bbr_5GHz\run_20260929_190247,cwnd,continuous,107,3,0,3,0,3,0.0,0.0
results_downlink\run_5m\run_5m_0udp_bbr_5GHz\run_20260929_190247,throughput_mbps,continuous,107,7,5,12,7,5,4.672897196261682,6.5420560747663545
results_downlink\run_5m\run_5m_0udp_bbr_5GHz\run_20260929_190247,frequency_mhz,discrete,107,0,0,0,0,0,0.0,0.0
results_downlink\run_5m\run_5m_0udp_bbr_5GHz\run_20260929_190247,channel,discrete,107,0,0,0,0,0,0.0,0.0
results_downlink\run_5m\run_5m_0udp_bbr_5GHz\run_20260929_190247,mcs,discrete,107,0,0,0,0,0,0.0,0.0
results_downlink\run_5m\run_5m_0udp_bbr_5GHz\run_20260929_190247,tx_retries,counter,107,0,0,0,0,0,0.0,0.0
results_downlink\run_5m\run_5m_0udp_bbr_5GHz\run_20260929_190247,tx_failed,counter,107,0,0,0,0,0,0.0,0.0
results_downlink\run_5m\run_5m_0udp_bbr_5GHz\run_20260929_190247,retrans,counter,107,107,0,107,0,107,0.0,0.0
results_downlink\run_5m\run_5m_0udp_bbr_5GHz\run_20260929_190247,lost,counter,107,107,0,107,0,107,0.0,0.0
results_downlink\run_5m\run_5m_0udp_bbr_5GHz\run_20260929_190247,total_retrans,counter,107,107,0,107,0,107,0.0,0.0
results_downlink\run_5m\run_5m_0udp_cubic_5GHz\run_20260929_172123,rssi_dbm,continuous,116,1,0,1,0,1,0.0,0.0
results_downlink\run_5m\run_5m_0udp_cubic_5GHz\run_20260929_172123,snr_db,continuous,116,116,0,116,0,116,0.0,0.0
results_downlink\run_5m\run_5m_0udp_cubic_5GHz\run_20260929_172123,tx_bitrate_mbps,continuous,116,1,0,1,0,1,0.0,0.0
results_downlink\run_5m\run_5m_0udp_cubic_5GHz\run_20260929_172123,rx_bitrate_mbps,continuous,116,1,3,4,3,1,2.586206896551724,2.586206896551724
results_downlink\run_5m\run_5m_0udp_cubic_5GHz\run_20260929_172123,signal_avg,continuous,116,0,1,1,0,1,0.8620689655172413,0.0
results_downlink\run_5m\run_5m_0udp_cubic_5GHz\run_20260929_172123,expected_throughput,continuous,116,116,0,116,0,116,0.0,0.0
results_downlink\run_5m\run_5m_0udp_cubic_5GHz\run_20260929_172123,rtt_ms,continuous,116,2,1,3,0,3,0.8620689655172413,0.0
results_downlink\run_5m\run_5m_0udp_cubic_5GHz\run_20260929_172123,rttvar_ms,continuous,116,2,1,3,0,3,0.8620689655172413,0.0
results_downlink\run_5m\run_5m_0udp_cubic_5GHz\run_20260929_172123,cwnd,continuous,116,2,0,2,0,2,0.0,0.0
results_downlink\run_5m\run_5m_0udp_cubic_5GHz\run_20260929_172123,throughput_mbps,continuous,116,2,3,5,0,5,2.586206896551724,0.0
results_downlink\run_5m\run_5m_0udp_cubic_5GHz\run_20260929_172123,frequency_mhz,discrete,116,1,0,1,1,0,0.0,0.8620689655172413
results_downlink\run_5m\run_5m_0udp_cubic_5GHz\run_20260929_172123,channel,discrete,116,1,0,1,1,0,0.0,0.8620689655172413
results_downlink\run_5m\run_5m_0udp_cubic_5GHz\run_20260929_172123,mcs,discrete,116,1,0,1,1,0,0.0,0.8620689655172413
results_downlink\run_5m\run_5m_0udp_cubic_5GHz\run_20260929_172123,tx_retries,counter,116,0,0,0,0,0,0.0,0.0
results_downlink\run_5m\run_5m_0udp_cubic_5GHz\run_20260929_172123,tx_failed,counter,116,0,0,0,0,0,0.0,0.0
results_downlink\run_5m\run_5m_0udp_cubic_5GHz\run_20260929_172123,retrans,counter,116,116,0,116,0,116,0.0,0.0
results_downlink\run_5m\run_5m_0udp_cubic_5GHz\run_20260929_172123,lost,counter,116,116,0,116,0,116,0.0,0.0
results_downlink\run_5m\run_5m_0udp_cubic_5GHz\run_20260929_172123,total_retrans,counter,116,116,0,116,0,116,0.0,0.0
results_downlink\run_5m\run_5m_0udp_cubic_5GHz\run_20260929_172410,rssi_dbm,continuous,113,0,1,1,1,0,0.8849557522123894,0.8849557522123894
results_downlink\run_5m\run_5m_0udp_cubic_5GHz\run_20260929_172410,snr_db,continuous,113,113,0,113,0,113,0.0,0.0
results_downlink\run_5m\run_5m_0udp_cubic_5GHz\run_20260929_172410,tx_bitrate_mbps,continuous,113,0,0,0,0,0,0.0,0.0
results_downlink\run_5m\run_5m_0udp_cubic_5GHz\run_20260929_172410,rx_bitrate_mbps,continuous,113,0,4,4,4,0,3.5398230088495577,3.5398230088495577
results_downlink\run_5m\run_5m_0udp_cubic_5GHz\run_20260929_172410,signal_avg,continuous,113,0,1,1,1,0,0.8849557522123894,0.8849557522123894
results_downlink\run_5m\run_5m_0udp_cubic_5GHz\run_20260929_172410,expected_throughput,continuous,113,113,0,113,0,113,0.0,0.0
results_downlink\run_5m\run_5m_0udp_cubic_5GHz\run_20260929_172410,rtt_ms,continuous,113,2,0,2,0,2,0.0,0.0
results_downlink\run_5m\run_5m_0udp_cubic_5GHz\run_20260929_172410,rttvar_ms,continuous,113,2,0,2,0,2,0.0,0.0
results_downlink\run_5m\run_5m_0udp_cubic_5GHz\run_20260929_172410,cwnd,continuous,113,2,0,2,0,2,0.0,0.0
results_downlink\run_5m\run_5m_0udp_cubic_5GHz\run_20260929_172410,throughput_mbps,continuous,113,5,1,6,3,3,0.8849557522123894,2.6548672566371683
results_downlink\run_5m\run_5m_0udp_cubic_5GHz\run_20260929_172410,frequency_mhz,discrete,113,0,0,0,0,0,0.0,0.0
results_downlink\run_5m\run_5m_0udp_cubic_5GHz\run_20260929_172410,channel,discrete,113,0,0,0,0,0,0.0,0.0
results_downlink\run_5m\run_5m_0udp_cubic_5GHz\run_20260929_172410,mcs,discrete,113,0,0,0,0,0,0.0,0.0
results_downlink\run_5m\run_5m_0udp_cubic_5GHz\run_20260929_172410,tx_retries,counter,113,0,0,0,0,0,0.0,0.0
results_downlink\run_5m\run_5m_0udp_cubic_5GHz\run_20260929_172410,tx_failed,counter,113,0,0,0,0,0,0.0,0.0
results_downlink\run_5m\run_5m_0udp_cubic_5GHz\run_20260929_172410,retrans,counter,113,113,0,113,0,113,0.0,0.0
results_downlink\run_5m\run_5m_0udp_cubic_5GHz\run_20260929_172410,lost,counter,113,113,0,113,0,113,0.0,0.0
results_downlink\run_5m\run_5m_0udp_cubic_5GHz\run_20260929_172410,total_retrans,counter,113,113,0,113,0,113,0.0,0.0
results_downlink\run_5m\run_5m_0udp_cubic_5GHz\run_20260929_173337,rssi_dbm,continuous,116,0,0,0,0,0,0.0,0.0
results_downlink\run_5m\run_5m_0udp_cubic_5GHz\run_20260929_173337,snr_db,continuous,116,116,0,116,0,116,0.0,0.0
results_downlink\run_5m\run_5m_0udp_cubic_5GHz\run_20260929_173337,tx_bitrate_mbps,continuous,116,0,0,0,0,0,0.0,0.0
results_downlink\run_5m\run_5m_0udp_cubic_5GHz\run_20260929_173337,rx_bitrate_mbps,continuous,116,0,5,5,5,0,4.310344827586207,4.310344827586207
results_downlink\run_5m\run_5m_0udp_cubic_5GHz\run_20260929_173337,signal_avg,continuous,116,0,0,0,0,0,0.0,0.0
results_downlink\run_5m\run_5m_0udp_cubic_5GHz\run_20260929_173337,expected_throughput,continuous,116,116,0,116,0,116,0.0,0.0
results_downlink\run_5m\run_5m_0udp_cubic_5GHz\run_20260929_173337,rtt_ms,continuous,116,2,0,2,0,2,0.0,0.0
results_downlink\run_5m\run_5m_0udp_cubic_5GHz\run_20260929_173337,rttvar_ms,continuous,116,2,0,2,0,2,0.0,0.0
results_downlink\run_5m\run_5m_0udp_cubic_5GHz\run_20260929_173337,cwnd,continuous,116,2,0,2,0,2,0.0,0.0
results_downlink\run_5m\run_5m_0udp_cubic_5GHz\run_20260929_173337,throughput_mbps,continuous,116,3,3,6,2,4,2.586206896551724,1.7241379310344827
results_downlink\run_5m\run_5m_0udp_cubic_5GHz\run_20260929_173337,frequency_mhz,discrete,116,0,0,0,0,0,0.0,0.0
results_downlink\run_5m\run_5m_0udp_cubic_5GHz\run_20260929_173337,channel,discrete,116,0,0,0,0,0,0.0,0.0
results_downlink\run_5m\run_5m_0udp_cubic_5GHz\run_20260929_173337,mcs,discrete,116,0,0,0,0,0,0.0,0.0
results_downlink\run_5m\run_5m_0udp_cubic_5GHz\run_20260929_173337,tx_retries,counter,116,0,0,0,0,0,0.0,0.0
results_downlink\run_5m\run_5m_0udp_cubic_5GHz\run_20260929_173337,tx_failed,counter,116,0,0,0,0,0,0.0,0.0
results_downlink\run_5m\run_5m_0udp_cubic_5GHz\run_20260929_173337,retrans,counter,116,116,0,116,0,116,0.0,0.0
results_downlink\run_5m\run_5m_0udp_cubic_5GHz\run_20260929_173337,lost,counter,116,116,0,116,0,116,0.0,0.0
results_downlink\run_5m\run_5m_0udp_cubic_5GHz\run_20260929_173337,total_retrans,counter,116,116,0,116,0,116,0.0,0.0
results_downlink\run_5m\run_5m_50udp_bbr_5GHz\run_20260929_190741,rssi_dbm,continuous,116,0,3,3,3,0,2.586206896551724,2.586206896551724
results_downlink\run_5m\run_5m_50udp_bbr_5GHz\run_20260929_190741,snr_db,continuous,116,116,0,116,0,116,0.0,0.0
results_downlink\run_5m\run_5m_50udp_bbr_5GHz\run_20260929_190741,tx_bitrate_mbps,continuous,116,0,0,0,0,0,0.0,0.0
results_downlink\run_5m\run_5m_50udp_bbr_5GHz\run_20260929_190741,rx_bitrate_mbps,continuous,116,0,7,7,3,4,6.0344827586206895,2.586206896551724
results_downlink\run_5m\run_5m_50udp_bbr_5GHz\run_20260929_190741,signal_avg,continuous,116,0,4,4,4,0,3.4482758620689653,3.4482758620689653
results_downlink\run_5m\run_5m_50udp_bbr_5GHz\run_20260929_190741,expected_throughput,continuous,116,116,0,116,0,116,0.0,0.0
results_downlink\run_5m\run_5m_50udp_bbr_5GHz\run_20260929_190741,rtt_ms,continuous,116,3,0,3,0,3,0.0,0.0
results_downlink\run_5m\run_5m_50udp_bbr_5GHz\run_20260929_190741,rttvar_ms,continuous,116,3,0,3,0,3,0.0,0.0
results_downlink\run_5m\run_5m_50udp_bbr_5GHz\run_20260929_190741,cwnd,continuous,116,3,0,3,0,3,0.0,0.0
results_downlink\run_5m\run_5m_50udp_bbr_5GHz\run_20260929_190741,throughput_mbps,continuous,116,6,3,9,6,3,2.586206896551724,5.172413793103448
results_downlink\run_5m\run_5m_50udp_bbr_5GHz\run_20260929_190741,frequency_mhz,discrete,116,0,0,0,0,0,0.0,0.0
results_downlink\run_5m\run_5m_50udp_bbr_5GHz\run_20260929_190741,channel,discrete,116,0,0,0,0,0,0.0,0.0
results_downlink\run_5m\run_5m_50udp_bbr_5GHz\run_20260929_190741,mcs,discrete,116,0,0,0,0,0,0.0,0.0
results_downlink\run_5m\run_5m_50udp_bbr_5GHz\run_20260929_190741,tx_retries,counter,116,0,0,0,0,0,0.0,0.0
results_downlink\run_5m\run_5m_50udp_bbr_5GHz\run_20260929_190741,tx_failed,counter,116,0,0,0,0,0,0.0,0.0
results_downlink\run_5m\run_5m_50udp_bbr_5GHz\run_20260929_190741,retrans,counter,116,116,0,116,0,116,0.0,0.0
results_downlink\run_5m\run_5m_50udp_bbr_5GHz\run_20260929_190741,lost,counter,116,116,0,116,0,116,0.0,0.0
results_downlink\run_5m\run_5m_50udp_bbr_5GHz\run_20260929_190741,total_retrans,counter,116,116,0,116,0,116,0.0,0.0
results_downlink\run_5m\run_5m_50udp_bbr_5GHz\run_20260929_193252,rssi_dbm,continuous,118,0,3,3,3,0,2.5423728813559325,2.5423728813559325
results_downlink\run_5m\run_5m_50udp_bbr_5GHz\run_20260929_193252,snr_db,continuous,118,118,0,118,0,118,0.0,0.0
results_downlink\run_5m\run_5m_50udp_bbr_5GHz\run_20260929_193252,tx_bitrate_mbps,continuous,118,0,10,10,6,4,8.47457627118644,5.084745762711865
results_downlink\run_5m\run_5m_50udp_bbr_5GHz\run_20260929_193252,rx_bitrate_mbps,continuous,118,0,5,5,3,2,4.23728813559322,2.5423728813559325
results_downlink\run_5m\run_5m_50udp_bbr_5GHz\run_20260929_193252,signal_avg,continuous,118,0,7,7,3,4,5.932203389830509,2.5423728813559325
results_downlink\run_5m\run_5m_50udp_bbr_5GHz\run_20260929_193252,expected_throughput,continuous,118,118,0,118,0,118,0.0,0.0
results_downlink\run_5m\run_5m_50udp_bbr_5GHz\run_20260929_193252,rtt_ms,continuous,118,2,0,2,0,2,0.0,0.0
results_downlink\run_5m\run_5m_50udp_bbr_5GHz\run_20260929_193252,rttvar_ms,continuous,118,2,0,2,0,2,0.0,0.0
results_downlink\run_5m\run_5m_50udp_bbr_5GHz\run_20260929_193252,cwnd,continuous,118,2,0,2,0,2,0.0,0.0
results_downlink\run_5m\run_5m_50udp_bbr_5GHz\run_20260929_193252,throughput_mbps,continuous,118,3,1,4,2,2,0.847457627118644,1.694915254237288
results_downlink\run_5m\run_5m_50udp_bbr_5GHz\run_20260929_193252,frequency_mhz,discrete,118,0,0,0,0,0,0.0,0.0
results_downlink\run_5m\run_5m_50udp_bbr_5GHz\run_20260929_193252,channel,discrete,118,0,0,0,0,0,0.0,0.0
results_downlink\run_5m\run_5m_50udp_bbr_5GHz\run_20260929_193252,mcs,discrete,118,0,0,0,0,0,0.0,0.0
results_downlink\run_5m\run_5m_50udp_bbr_5GHz\run_20260929_193252,tx_retries,counter,118,0,0,0,0,0,0.0,0.0
results_downlink\run_5m\run_5m_50udp_bbr_5GHz\run_20260929_193252,tx_failed,counter,118,0,0,0,0,0,0.0,0.0
results_downlink\run_5m\run_5m_50udp_bbr_5GHz\run_20260929_193252,retrans,counter,118,118,0,118,0,118,0.0,0.0
results_downlink\run_5m\run_5m_50udp_bbr_5GHz\run_20260929_193252,lost,counter,118,118,0,118,0,118,0.0,0.0
results_downlink\run_5m\run_5m_50udp_bbr_5GHz\run_20260929_193252,total_retrans,counter,118,118,0,118,0,118,0.0,0.0
results_downlink\run_5m\run_5m_50udp_bbr_5GHz\run_20260929_193558,rssi_dbm,continuous,118,0,1,1,1,0,0.847457627118644,0.847457627118644
results_downlink\run_5m\run_5m_50udp_bbr_5GHz\run_20260929_193558,snr_db,continuous,118,118,0,118,0,118,0.0,0.0
results_downlink\run_5m\run_5m_50udp_bbr_5GHz\run_20260929_193558,tx_bitrate_mbps,continuous,118,0,7,7,2,5,5.932203389830509,1.694915254237288
results_downlink\run_5m\run_5m_50udp_bbr_5GHz\run_20260929_193558,rx_bitrate_mbps,continuous,118,0,8,8,6,2,6.779661016949152,5.084745762711865
results_downlink\run_5m\run_5m_50udp_bbr_5GHz\run_20260929_193558,signal_avg,continuous,118,0,0,0,0,0,0.0,0.0
results_downlink\run_5m\run_5m_50udp_bbr_5GHz\run_20260929_193558,expected_throughput,continuous,118,118,0,118,0,118,0.0,0.0
results_downlink\run_5m\run_5m_50udp_bbr_5GHz\run_20260929_193558,rtt_ms,continuous,118,2,0,2,0,2,0.0,0.0
results_downlink\run_5m\run_5m_50udp_bbr_5GHz\run_20260929_193558,rttvar_ms,continuous,118,2,0,2,0,2,0.0,0.0
results_downlink\run_5m\run_5m_50udp_bbr_5GHz\run_20260929_193558,cwnd,continuous,118,2,0,2,0,2,0.0,0.0
results_downlink\run_5m\run_5m_50udp_bbr_5GHz\run_20260929_193558,throughput_mbps,continuous,118,2,1,3,1,2,0.847457627118644,0.847457627118644
results_downlink\run_5m\run_5m_50udp_bbr_5GHz\run_20260929_193558,frequency_mhz,discrete,118,0,0,0,0,0,0.0,0.0
results_downlink\run_5m\run_5m_50udp_bbr_5GHz\run_20260929_193558,channel,discrete,118,0,0,0,0,0,0.0,0.0
results_downlink\run_5m\run_5m_50udp_bbr_5GHz\run_20260929_193558,mcs,discrete,118,0,0,0,0,0,0.0,0.0
results_downlink\run_5m\run_5m_50udp_bbr_5GHz\run_20260929_193558,tx_retries,counter,118,0,0,0,0,0,0.0,0.0
results_downlink\run_5m\run_5m_50udp_bbr_5GHz\run_20260929_193558,tx_failed,counter,118,0,0,0,0,0,0.0,0.0
results_downlink\run_5m\run_5m_50udp_bbr_5GHz\run_20260929_193558,retrans,counter,118,118,0,118,0,118,0.0,0.0
results_downlink\run_5m\run_5m_50udp_bbr_5GHz\run_20260929_193558,lost,counter,118,118,0,118,0,118,0.0,0.0
results_downlink\run_5m\run_5m_50udp_bbr_5GHz\run_20260929_193558,total_retrans,counter,118,118,0,118,0,118,0.0,0.0
results_downlink\run_5m\run_5m_50udp_cubic_5GHz\run_20260929_183249,rssi_dbm,continuous,120,0,3,3,3,0,2.5,2.5
results_downlink\run_5m\run_5m_50udp_cubic_5GHz\run_20260929_183249,snr_db,continuous,120,120,0,120,0,120,0.0,0.0
results_downlink\run_5m\run_5m_50udp_cubic_5GHz\run_20260929_183249,tx_bitrate_mbps,continuous,120,0,14,14,3,11,11.666666666666666,2.5
results_downlink\run_5m\run_5m_50udp_cubic_5GHz\run_20260929_183249,rx_bitrate_mbps,continuous,120,0,6,6,4,2,5.0,3.3333333333333335
results_downlink\run_5m\run_5m_50udp_cubic_5GHz\run_20260929_183249,signal_avg,continuous,120,0,6,6,6,0,5.0,5.0
results_downlink\run_5m\run_5m_50udp_cubic_5GHz\run_20260929_183249,expected_throughput,continuous,120,120,0,120,0,120,0.0,0.0
results_downlink\run_5m\run_5m_50udp_cubic_5GHz\run_20260929_183249,rtt_ms,continuous,120,3,0,3,0,3,0.0,0.0
results_downlink\run_5m\run_5m_50udp_cubic_5GHz\run_20260929_183249,rttvar_ms,continuous,120,3,0,3,0,3,0.0,0.0
results_downlink\run_5m\run_5m_50udp_cubic_5GHz\run_20260929_183249,cwnd,continuous,120,3,0,3,0,3,0.0,0.0
results_downlink\run_5m\run_5m_50udp_cubic_5GHz\run_20260929_183249,throughput_mbps,continuous,120,5,0,5,2,3,0.0,1.6666666666666667
results_downlink\run_5m\run_5m_50udp_cubic_5GHz\run_20260929_183249,frequency_mhz,discrete,120,0,0,0,0,0,0.0,0.0
results_downlink\run_5m\run_5m_50udp_cubic_5GHz\run_20260929_183249,channel,discrete,120,0,0,0,0,0,0.0,0.0
results_downlink\run_5m\run_5m_50udp_cubic_5GHz\run_20260929_183249,mcs,discrete,120,0,0,0,0,0,0.0,0.0
results_downlink\run_5m\run_5m_50udp_cubic_5GHz\run_20260929_183249,tx_retries,counter,120,0,0,0,0,0,0.0,0.0
results_downlink\run_5m\run_5m_50udp_cubic_5GHz\run_20260929_183249,tx_failed,counter,120,0,0,0,0,0,0.0,0.0
results_downlink\run_5m\run_5m_50udp_cubic_5GHz\run_20260929_183249,retrans,counter,120,120,0,120,0,120,0.0,0.0
results_downlink\run_5m\run_5m_50udp_cubic_5GHz\run_20260929_183249,lost,counter,120,120,0,120,0,120,0.0,0.0
results_downlink\run_5m\run_5m_50udp_cubic_5GHz\run_20260929_183249,total_retrans,counter,120,120,0,120,0,120,0.0,0.0
results_downlink\run_5m\run_5m_50udp_cubic_5GHz\run_20260929_183854,rssi_dbm,continuous,117,0,1,1,1,0,0.8547008547008548,0.8547008547008548
results_downlink\run_5m\run_5m_50udp_cubic_5GHz\run_20260929_183854,snr_db,continuous,117,117,0,117,0,117,0.0,0.0
results_downlink\run_5m\run_5m_50udp_cubic_5GHz\run_20260929_183854,tx_bitrate_mbps,continuous,117,0,7,7,1,6,5.982905982905983,0.8547008547008548
results_downlink\run_5m\run_5m_50udp_cubic_5GHz\run_20260929_183854,rx_bitrate_mbps,continuous,117,0,5,5,3,2,4.273504273504273,2.564102564102564
results_downlink\run_5m\run_5m_50udp_cubic_5GHz\run_20260929_183854,signal_avg,continuous,117,0,0,0,0,0,0.0,0.0
results_downlink\run_5m\run_5m_50udp_cubic_5GHz\run_20260929_183854,expected_throughput,continuous,117,117,0,117,0,117,0.0,0.0
results_downlink\run_5m\run_5m_50udp_cubic_5GHz\run_20260929_183854,rtt_ms,continuous,117,2,0,2,0,2,0.0,0.0
results_downlink\run_5m\run_5m_50udp_cubic_5GHz\run_20260929_183854,rttvar_ms,continuous,117,2,0,2,0,2,0.0,0.0
results_downlink\run_5m\run_5m_50udp_cubic_5GHz\run_20260929_183854,cwnd,continuous,117,2,0,2,0,2,0.0,0.0
results_downlink\run_5m\run_5m_50udp_cubic_5GHz\run_20260929_183854,throughput_mbps,continuous,117,9,3,12,7,5,2.564102564102564,5.982905982905983
results_downlink\run_5m\run_5m_50udp_cubic_5GHz\run_20260929_183854,frequency_mhz,discrete,117,0,0,0,0,0,0.0,0.0
results_downlink\run_5m\run_5m_50udp_cubic_5GHz\run_20260929_183854,channel,discrete,117,0,0,0,0,0,0.0,0.0
results_downlink\run_5m\run_5m_50udp_cubic_5GHz\run_20260929_183854,mcs,discrete,117,0,0,0,0,0,0.0,0.0
results_downlink\run_5m\run_5m_50udp_cubic_5GHz\run_20260929_183854,tx_retries,counter,117,0,0,0,0,0,0.0,0.0
results_downlink\run_5m\run_5m_50udp_cubic_5GHz\run_20260929_183854,tx_failed,counter,117,0,0,0,0,0,0.0,0.0
results_downlink\run_5m\run_5m_50udp_cubic_5GHz\run_20260929_183854,retrans,counter,117,117,0,117,0,117,0.0,0.0
results_downlink\run_5m\run_5m_50udp_cubic_5GHz\run_20260929_183854,lost,counter,117,117,0,117,0,117,0.0,0.0
results_downlink\run_5m\run_5m_50udp_cubic_5GHz\run_20260929_183854,total_retrans,counter,117,117,0,117,0,117,0.0,0.0
results_downlink\run_5m\run_5m_50udp_cubic_5GHz\run_20260929_184149,rssi_dbm,continuous,120,0,2,2,2,0,1.6666666666666667,1.6666666666666667
results_downlink\run_5m\run_5m_50udp_cubic_5GHz\run_20260929_184149,snr_db,continuous,120,120,0,120,0,120,0.0,0.0
results_downlink\run_5m\run_5m_50udp_cubic_5GHz\run_20260929_184149,tx_bitrate_mbps,continuous,120,0,2,2,2,0,1.6666666666666667,1.6666666666666667
results_downlink\run_5m\run_5m_50udp_cubic_5GHz\run_20260929_184149,rx_bitrate_mbps,continuous,120,0,8,8,7,1,6.666666666666667,5.833333333333333
results_downlink\run_5m\run_5m_50udp_cubic_5GHz\run_20260929_184149,signal_avg,continuous,120,0,0,0,0,0,0.0,0.0
results_downlink\run_5m\run_5m_50udp_cubic_5GHz\run_20260929_184149,expected_throughput,continuous,120,120,0,120,0,120,0.0,0.0
results_downlink\run_5m\run_5m_50udp_cubic_5GHz\run_20260929_184149,rtt_ms,continuous,120,2,0,2,0,2,0.0,0.0
results_downlink\run_5m\run_5m_50udp_cubic_5GHz\run_20260929_184149,rttvar_ms,continuous,120,2,0,2,0,2,0.0,0.0
results_downlink\run_5m\run_5m_50udp_cubic_5GHz\run_20260929_184149,cwnd,continuous,120,2,0,2,0,2,0.0,0.0
results_downlink\run_5m\run_5m_50udp_cubic_5GHz\run_20260929_184149,throughput_mbps,continuous,120,4,0,4,1,3,0.0,0.8333333333333334
results_downlink\run_5m\run_5m_50udp_cubic_5GHz\run_20260929_184149,frequency_mhz,discrete,120,0,0,0,0,0,0.0,0.0
results_downlink\run_5m\run_5m_50udp_cubic_5GHz\run_20260929_184149,channel,discrete,120,0,0,0,0,0,0.0,0.0
results_downlink\run_5m\run_5m_50udp_cubic_5GHz\run_20260929_184149,mcs,discrete,120,0,0,0,0,0,0.0,0.0
results_downlink\run_5m\run_5m_50udp_cubic_5GHz\run_20260929_184149,tx_retries,counter,120,0,0,0,0,0,0.0,0.0
results_downlink\run_5m\run_5m_50udp_cubic_5GHz\run_20260929_184149,tx_failed,counter,120,0,0,0,0,0,0.0,0.0
results_downlink\run_5m\run_5m_50udp_cubic_5GHz\run_20260929_184149,retrans,counter,120,120,0,120,0,120,0.0,0.0
results_downlink\run_5m\run_5m_50udp_cubic_5GHz\run_20260929_184149,lost,counter,120,120,0,120,0,120,0.0,0.0
results_downlink\run_5m\run_5m_50udp_cubic_5GHz\run_20260929_184149,total_retrans,counter,120,120,0,120,0,120,0.0,0.0
results_downlink\run_5m\run_5m_80udp_bbr_5GHz\run_20260929_193906,rssi_dbm,continuous,119,0,3,3,3,0,2.5210084033613445,2.5210084033613445
results_downlink\run_5m\run_5m_80udp_bbr_5GHz\run_20260929_193906,snr_db,continuous,119,119,0,119,0,119,0.0,0.0
results_downlink\run_5m\run_5m_80udp_bbr_5GHz\run_20260929_193906,tx_bitrate_mbps,continuous,119,0,9,9,3,6,7.563025210084033,2.5210084033613445
results_downlink\run_5m\run_5m_80udp_bbr_5GHz\run_20260929_193906,rx_bitrate_mbps,continuous,119,0,6,6,6,0,5.042016806722689,5.042016806722689
results_downlink\run_5m\run_5m_80udp_bbr_5GHz\run_20260929_193906,signal_avg,continuous,119,0,1,1,1,0,0.8403361344537815,0.8403361344537815
results_downlink\run_5m\run_5m_80udp_bbr_5GHz\run_20260929_193906,expected_throughput,continuous,119,119,0,119,0,119,0.0,0.0
results_downlink\run_5m\run_5m_80udp_bbr_5GHz\run_20260929_193906,rtt_ms,continuous,119,3,0,3,0,3,0.0,0.0
results_downlink\run_5m\run_5m_80udp_bbr_5GHz\run_20260929_193906,rttvar_ms,continuous,119,3,0,3,0,3,0.0,0.0
results_downlink\run_5m\run_5m_80udp_bbr_5GHz\run_20260929_193906,cwnd,continuous,119,3,0,3,0,3,0.0,0.0
results_downlink\run_5m\run_5m_80udp_bbr_5GHz\run_20260929_193906,throughput_mbps,continuous,119,4,0,4,1,3,0.0,0.8403361344537815
results_downlink\run_5m\run_5m_80udp_bbr_5GHz\run_20260929_193906,frequency_mhz,discrete,119,0,0,0,0,0,0.0,0.0
results_downlink\run_5m\run_5m_80udp_bbr_5GHz\run_20260929_193906,channel,discrete,119,0,0,0,0,0,0.0,0.0
results_downlink\run_5m\run_5m_80udp_bbr_5GHz\run_20260929_193906,mcs,discrete,119,0,0,0,0,0,0.0,0.0
results_downlink\run_5m\run_5m_80udp_bbr_5GHz\run_20260929_193906,tx_retries,counter,119,0,0,0,0,0,0.0,0.0
results_downlink\run_5m\run_5m_80udp_bbr_5GHz\run_20260929_193906,tx_failed,counter,119,0,0,0,0,0,0.0,0.0
results_downlink\run_5m\run_5m_80udp_bbr_5GHz\run_20260929_193906,retrans,counter,119,119,0,119,0,119,0.0,0.0
results_downlink\run_5m\run_5m_80udp_bbr_5GHz\run_20260929_193906,lost,counter,119,119,0,119,0,119,0.0,0.0
results_downlink\run_5m\run_5m_80udp_bbr_5GHz\run_20260929_193906,total_retrans,counter,119,119,0,119,0,119,0.0,0.0
results_downlink\run_5m\run_5m_80udp_bbr_5GHz\run_20260929_194153,rssi_dbm,continuous,118,0,4,4,4,0,3.389830508474576,3.389830508474576
results_downlink\run_5m\run_5m_80udp_bbr_5GHz\run_20260929_194153,snr_db,continuous,118,118,0,118,0,118,0.0,0.0
results_downlink\run_5m\run_5m_80udp_bbr_5GHz\run_20260929_194153,tx_bitrate_mbps,continuous,118,0,2,2,2,0,1.694915254237288,1.694915254237288
results_downlink\run_5m\run_5m_80udp_bbr_5GHz\run_20260929_194153,rx_bitrate_mbps,continuous,118,0,8,8,6,2,6.779661016949152,5.084745762711865
results_downlink\run_5m\run_5m_80udp_bbr_5GHz\run_20260929_194153,signal_avg,continuous,118,0,0,0,0,0,0.0,0.0
results_downlink\run_5m\run_5m_80udp_bbr_5GHz\run_20260929_194153,expected_throughput,continuous,118,118,0,118,0,118,0.0,0.0
results_downlink\run_5m\run_5m_80udp_bbr_5GHz\run_20260929_194153,rtt_ms,continuous,118,3,0,3,0,3,0.0,0.0
results_downlink\run_5m\run_5m_80udp_bbr_5GHz\run_20260929_194153,rttvar_ms,continuous,118,3,0,3,0,3,0.0,0.0
results_downlink\run_5m\run_5m_80udp_bbr_5GHz\run_20260929_194153,cwnd,continuous,118,3,0,3,0,3,0.0,0.0
results_downlink\run_5m\run_5m_80udp_bbr_5GHz\run_20260929_194153,throughput_mbps,continuous,118,4,0,4,1,3,0.0,0.847457627118644
results_downlink\run_5m\run_5m_80udp_bbr_5GHz\run_20260929_194153,frequency_mhz,discrete,118,0,0,0,0,0,0.0,0.0
results_downlink\run_5m\run_5m_80udp_bbr_5GHz\run_20260929_194153,channel,discrete,118,0,0,0,0,0,0.0,0.0
results_downlink\run_5m\run_5m_80udp_bbr_5GHz\run_20260929_194153,mcs,discrete,118,0,0,0,0,0,0.0,0.0
results_downlink\run_5m\run_5m_80udp_bbr_5GHz\run_20260929_194153,tx_retries,counter,118,0,0,0,0,0,0.0,0.0
results_downlink\run_5m\run_5m_80udp_bbr_5GHz\run_20260929_194153,tx_failed,counter,118,0,0,0,0,0,0.0,0.0
results_downlink\run_5m\run_5m_80udp_bbr_5GHz\run_20260929_194153,retrans,counter,118,118,0,118,0,118,0.0,0.0
results_downlink\run_5m\run_5m_80udp_bbr_5GHz\run_20260929_194153,lost,counter,118,118,0,118,0,118,0.0,0.0
results_downlink\run_5m\run_5m_80udp_bbr_5GHz\run_20260929_194153,total_retrans,counter,118,118,0,118,0,118,0.0,0.0
results_downlink\run_5m\run_5m_80udp_bbr_5GHz\run_20260929_194452,rssi_dbm,continuous,114,0,2,2,2,0,1.7543859649122806,1.7543859649122806
results_downlink\run_5m\run_5m_80udp_bbr_5GHz\run_20260929_194452,snr_db,continuous,114,114,0,114,0,114,0.0,0.0
results_downlink\run_5m\run_5m_80udp_bbr_5GHz\run_20260929_194452,tx_bitrate_mbps,continuous,114,0,0,0,0,0,0.0,0.0
results_downlink\run_5m\run_5m_80udp_bbr_5GHz\run_20260929_194452,rx_bitrate_mbps,continuous,114,0,8,8,5,3,7.017543859649122,4.385964912280701
results_downlink\run_5m\run_5m_80udp_bbr_5GHz\run_20260929_194452,signal_avg,continuous,114,0,0,0,0,0,0.0,0.0
results_downlink\run_5m\run_5m_80udp_bbr_5GHz\run_20260929_194452,expected_throughput,continuous,114,114,0,114,0,114,0.0,0.0
results_downlink\run_5m\run_5m_80udp_bbr_5GHz\run_20260929_194452,rtt_ms,continuous,114,2,0,2,0,2,0.0,0.0
results_downlink\run_5m\run_5m_80udp_bbr_5GHz\run_20260929_194452,rttvar_ms,continuous,114,2,0,2,0,2,0.0,0.0
results_downlink\run_5m\run_5m_80udp_bbr_5GHz\run_20260929_194452,cwnd,continuous,114,2,0,2,0,2,0.0,0.0
results_downlink\run_5m\run_5m_80udp_bbr_5GHz\run_20260929_194452,throughput_mbps,continuous,114,3,1,4,1,3,0.8771929824561403,0.8771929824561403
results_downlink\run_5m\run_5m_80udp_bbr_5GHz\run_20260929_194452,frequency_mhz,discrete,114,0,0,0,0,0,0.0,0.0
results_downlink\run_5m\run_5m_80udp_bbr_5GHz\run_20260929_194452,channel,discrete,114,0,0,0,0,0,0.0,0.0
results_downlink\run_5m\run_5m_80udp_bbr_5GHz\run_20260929_194452,mcs,discrete,114,0,0,0,0,0,0.0,0.0
results_downlink\run_5m\run_5m_80udp_bbr_5GHz\run_20260929_194452,tx_retries,counter,114,0,0,0,0,0,0.0,0.0
results_downlink\run_5m\run_5m_80udp_bbr_5GHz\run_20260929_194452,tx_failed,counter,114,0,0,0,0,0,0.0,0.0
results_downlink\run_5m\run_5m_80udp_bbr_5GHz\run_20260929_194452,retrans,counter,114,114,0,114,0,114,0.0,0.0
results_downlink\run_5m\run_5m_80udp_bbr_5GHz\run_20260929_194452,lost,counter,114,114,0,114,0,114,0.0,0.0
results_downlink\run_5m\run_5m_80udp_bbr_5GHz\run_20260929_194452,total_retrans,counter,114,114,0,114,0,114,0.0,0.0
results_downlink\run_5m\run_5m_80udp_cubic_5GHz\run_20260929_184446,rssi_dbm,continuous,119,0,1,1,1,0,0.8403361344537815,0.8403361344537815
results_downlink\run_5m\run_5m_80udp_cubic_5GHz\run_20260929_184446,snr_db,continuous,119,119,0,119,0,119,0.0,0.0
results_downlink\run_5m\run_5m_80udp_cubic_5GHz\run_20260929_184446,tx_bitrate_mbps,continuous,119,0,0,0,0,0,0.0,0.0
results_downlink\run_5m\run_5m_80udp_cubic_5GHz\run_20260929_184446,rx_bitrate_mbps,continuous,119,0,6,6,6,0,5.042016806722689,5.042016806722689
results_downlink\run_5m\run_5m_80udp_cubic_5GHz\run_20260929_184446,signal_avg,continuous,119,0,2,2,2,0,1.680672268907563,1.680672268907563
results_downlink\run_5m\run_5m_80udp_cubic_5GHz\run_20260929_184446,expected_throughput,continuous,119,119,0,119,0,119,0.0,0.0
results_downlink\run_5m\run_5m_80udp_cubic_5GHz\run_20260929_184446,rtt_ms,continuous,119,2,0,2,0,2,0.0,0.0
results_downlink\run_5m\run_5m_80udp_cubic_5GHz\run_20260929_184446,rttvar_ms,continuous,119,2,0,2,0,2,0.0,0.0
results_downlink\run_5m\run_5m_80udp_cubic_5GHz\run_20260929_184446,cwnd,continuous,119,2,0,2,0,2,0.0,0.0
results_downlink\run_5m\run_5m_80udp_cubic_5GHz\run_20260929_184446,throughput_mbps,continuous,119,3,0,3,0,3,0.0,0.0
results_downlink\run_5m\run_5m_80udp_cubic_5GHz\run_20260929_184446,frequency_mhz,discrete,119,0,0,0,0,0,0.0,0.0
results_downlink\run_5m\run_5m_80udp_cubic_5GHz\run_20260929_184446,channel,discrete,119,0,0,0,0,0,0.0,0.0
results_downlink\run_5m\run_5m_80udp_cubic_5GHz\run_20260929_184446,mcs,discrete,119,0,0,0,0,0,0.0,0.0
results_downlink\run_5m\run_5m_80udp_cubic_5GHz\run_20260929_184446,tx_retries,counter,119,0,0,0,0,0,0.0,0.0
results_downlink\run_5m\run_5m_80udp_cubic_5GHz\run_20260929_184446,tx_failed,counter,119,0,0,0,0,0,0.0,0.0
results_downlink\run_5m\run_5m_80udp_cubic_5GHz\run_20260929_184446,retrans,counter,119,119,0,119,0,119,0.0,0.0
results_downlink\run_5m\run_5m_80udp_cubic_5GHz\run_20260929_184446,lost,counter,119,119,0,119,0,119,0.0,0.0
results_downlink\run_5m\run_5m_80udp_cubic_5GHz\run_20260929_184446,total_retrans,counter,119,119,0,119,0,119,0.0,0.0
results_downlink\run_5m\run_5m_80udp_cubic_5GHz\run_20260929_184746,rssi_dbm,continuous,116,0,0,0,0,0,0.0,0.0
results_downlink\run_5m\run_5m_80udp_cubic_5GHz\run_20260929_184746,snr_db,continuous,116,116,0,116,0,116,0.0,0.0
results_downlink\run_5m\run_5m_80udp_cubic_5GHz\run_20260929_184746,tx_bitrate_mbps,continuous,116,0,0,0,0,0,0.0,0.0
results_downlink\run_5m\run_5m_80udp_cubic_5GHz\run_20260929_184746,rx_bitrate_mbps,continuous,116,0,7,7,7,0,6.0344827586206895,6.0344827586206895
results_downlink\run_5m\run_5m_80udp_cubic_5GHz\run_20260929_184746,signal_avg,continuous,116,0,0,0,0,0,0.0,0.0
results_downlink\run_5m\run_5m_80udp_cubic_5GHz\run_20260929_184746,expected_throughput,continuous,116,116,0,116,0,116,0.0,0.0
results_downlink\run_5m\run_5m_80udp_cubic_5GHz\run_20260929_184746,rtt_ms,continuous,116,2,1,3,0,3,0.8620689655172413,0.0
results_downlink\run_5m\run_5m_80udp_cubic_5GHz\run_20260929_184746,rttvar_ms,continuous,116,2,1,3,0,3,0.8620689655172413,0.0
results_downlink\run_5m\run_5m_80udp_cubic_5GHz\run_20260929_184746,cwnd,continuous,116,2,0,2,0,2,0.0,0.0
results_downlink\run_5m\run_5m_80udp_cubic_5GHz\run_20260929_184746,throughput_mbps,continuous,116,11,0,11,8,3,0.0,6.896551724137931
results_downlink\run_5m\run_5m_80udp_cubic_5GHz\run_20260929_184746,frequency_mhz,discrete,116,0,0,0,0,0,0.0,0.0
results_downlink\run_5m\run_5m_80udp_cubic_5GHz\run_20260929_184746,channel,discrete,116,0,0,0,0,0,0.0,0.0
results_downlink\run_5m\run_5m_80udp_cubic_5GHz\run_20260929_184746,mcs,discrete,116,0,0,0,0,0,0.0,0.0
results_downlink\run_5m\run_5m_80udp_cubic_5GHz\run_20260929_184746,tx_retries,counter,116,0,0,0,0,0,0.0,0.0
results_downlink\run_5m\run_5m_80udp_cubic_5GHz\run_20260929_184746,tx_failed,counter,116,0,0,0,0,0,0.0,0.0
results_downlink\run_5m\run_5m_80udp_cubic_5GHz\run_20260929_184746,retrans,counter,116,116,0,116,0,116,0.0,0.0
results_downlink\run_5m\run_5m_80udp_cubic_5GHz\run_20260929_184746,lost,counter,116,116,0,116,0,116,0.0,0.0
results_downlink\run_5m\run_5m_80udp_cubic_5GHz\run_20260929_184746,total_retrans,counter,116,116,0,116,0,116,0.0,0.0
results_downlink\run_5m\run_5m_80udp_cubic_5GHz\run_20260929_185033,rssi_dbm,continuous,116,0,1,1,1,0,0.8620689655172413,0.8620689655172413
results_downlink\run_5m\run_5m_80udp_cubic_5GHz\run_20260929_185033,snr_db,continuous,116,116,0,116,0,116,0.0,0.0
results_downlink\run_5m\run_5m_80udp_cubic_5GHz\run_20260929_185033,tx_bitrate_mbps,continuous,116,0,0,0,0,0,0.0,0.0
results_downlink\run_5m\run_5m_80udp_cubic_5GHz\run_20260929_185033,rx_bitrate_mbps,continuous,116,0,5,5,4,1,4.310344827586207,3.4482758620689653
results_downlink\run_5m\run_5m_80udp_cubic_5GHz\run_20260929_185033,signal_avg,continuous,116,0,4,4,4,0,3.4482758620689653,3.4482758620689653
results_downlink\run_5m\run_5m_80udp_cubic_5GHz\run_20260929_185033,expected_throughput,continuous,116,116,0,116,0,116,0.0,0.0
results_downlink\run_5m\run_5m_80udp_cubic_5GHz\run_20260929_185033,rtt_ms,continuous,116,3,0,3,0,3,0.0,0.0
results_downlink\run_5m\run_5m_80udp_cubic_5GHz\run_20260929_185033,rttvar_ms,continuous,116,3,0,3,0,3,0.0,0.0
results_downlink\run_5m\run_5m_80udp_cubic_5GHz\run_20260929_185033,cwnd,continuous,116,3,0,3,0,3,0.0,0.0
results_downlink\run_5m\run_5m_80udp_cubic_5GHz\run_20260929_185033,throughput_mbps,continuous,116,5,0,5,2,3,0.0,1.7241379310344827
results_downlink\run_5m\run_5m_80udp_cubic_5GHz\run_20260929_185033,frequency_mhz,discrete,116,0,0,0,0,0,0.0,0.0
results_downlink\run_5m\run_5m_80udp_cubic_5GHz\run_20260929_185033,channel,discrete,116,0,0,0,0,0,0.0,0.0
results_downlink\run_5m\run_5m_80udp_cubic_5GHz\run_20260929_185033,mcs,discrete,116,0,0,0,0,0,0.0,0.0
results_downlink\run_5m\run_5m_80udp_cubic_5GHz\run_20260929_185033,tx_retries,counter,116,0,0,0,0,0,0.0,0.0
results_downlink\run_5m\run_5m_80udp_cubic_5GHz\run_20260929_185033,tx_failed,counter,116,0,0,0,0,0,0.0,0.0
results_downlink\run_5m\run_5m_80udp_cubic_5GHz\run_20260929_185033,retrans,counter,116,116,0,116,0,116,0.0,0.0
results_downlink\run_5m\run_5m_80udp_cubic_5GHz\run_20260929_185033,lost,counter,116,116,0,116,0,116,0.0,0.0
results_downlink\run_5m\run_5m_80udp_cubic_5GHz\run_20260929_185033,total_retrans,counter,116,116,0,116,0,116,0.0,0.0
results_downlink\run_1m\run_1m_0udp_bbr_5GHz\run_20260929_203301,rssi_dbm,continuous,116,0,5,5,5,0,4.310344827586207,4.310344827586207
results_downlink\run_1m\run_1m_0udp_bbr_5GHz\run_20260929_203301,snr_db,continuous,116,116,0,116,0,116,0.0,0.0
results_downlink\run_1m\run_1m_0udp_bbr_5GHz\run_20260929_203301,tx_bitrate_mbps,continuous,116,0,4,4,1,3,3.4482758620689653,0.8620689655172413
results_downlink\run_1m\run_1m_0udp_bbr_5GHz\run_20260929_203301,rx_bitrate_mbps,continuous,116,0,3,3,3,0,2.586206896551724,2.586206896551724
results_downlink\run_1m\run_1m_0udp_bbr_5GHz\run_20260929_203301,signal_avg,continuous,116,0,0,0,0,0,0.0,0.0
results_downlink\run_1m\run_1m_0udp_bbr_5GHz\run_20260929_203301,expected_throughput,continuous,116,116,0,116,0,116,0.0,0.0
results_downlink\run_1m\run_1m_0udp_bbr_5GHz\run_20260929_203301,rtt_ms,continuous,116,2,0,2,0,2,0.0,0.0
results_downlink\run_1m\run_1m_0udp_bbr_5GHz\run_20260929_203301,rttvar_ms,continuous,116,2,0,2,0,2,0.0,0.0
results_downlink\run_1m\run_1m_0udp_bbr_5GHz\run_20260929_203301,cwnd,continuous,116,2,0,2,0,2,0.0,0.0
results_downlink\run_1m\run_1m_0udp_bbr_5GHz\run_20260929_203301,throughput_mbps,continuous,116,3,0,3,0,3,0.0,0.0
results_downlink\run_1m\run_1m_0udp_bbr_5GHz\run_20260929_203301,frequency_mhz,discrete,116,0,0,0,0,0,0.0,0.0
results_downlink\run_1m\run_1m_0udp_bbr_5GHz\run_20260929_203301,channel,discrete,116,0,0,0,0,0,0.0,0.0
results_downlink\run_1m\run_1m_0udp_bbr_5GHz\run_20260929_203301,mcs,discrete,116,0,0,0,0,0,0.0,0.0
results_downlink\run_1m\run_1m_0udp_bbr_5GHz\run_20260929_203301,tx_retries,counter,116,0,0,0,0,0,0.0,0.0
results_downlink\run_1m\run_1m_0udp_bbr_5GHz\run_20260929_203301,tx_failed,counter,116,0,0,0,0,0,0.0,0.0
results_downlink\run_1m\run_1m_0udp_bbr_5GHz\run_20260929_203301,retrans,counter,116,116,0,116,0,116,0.0,0.0
results_downlink\run_1m\run_1m_0udp_bbr_5GHz\run_20260929_203301,lost,counter,116,116,0,116,0,116,0.0,0.0
results_downlink\run_1m\run_1m_0udp_bbr_5GHz\run_20260929_203301,total_retrans,counter,116,116,0,116,0,116,0.0,0.0
results_downlink\run_1m\run_1m_0udp_bbr_5GHz\run_20260929_204512,rssi_dbm,continuous,120,0,5,5,5,0,4.166666666666666,4.166666666666666
results_downlink\run_1m\run_1m_0udp_bbr_5GHz\run_20260929_204512,snr_db,continuous,120,120,0,120,0,120,0.0,0.0
results_downlink\run_1m\run_1m_0udp_bbr_5GHz\run_20260929_204512,tx_bitrate_mbps,continuous,120,0,0,0,0,0,0.0,0.0
results_downlink\run_1m\run_1m_0udp_bbr_5GHz\run_20260929_204512,rx_bitrate_mbps,continuous,120,0,7,7,7,0,5.833333333333333,5.833333333333333
results_downlink\run_1m\run_1m_0udp_bbr_5GHz\run_20260929_204512,signal_avg,continuous,120,0,0,0,0,0,0.0,0.0
results_downlink\run_1m\run_1m_0udp_bbr_5GHz\run_20260929_204512,expected_throughput,continuous,120,120,0,120,0,120,0.0,0.0
results_downlink\run_1m\run_1m_0udp_bbr_5GHz\run_20260929_204512,rtt_ms,continuous,120,2,0,2,0,2,0.0,0.0
results_downlink\run_1m\run_1m_0udp_bbr_5GHz\run_20260929_204512,rttvar_ms,continuous,120,2,0,2,0,2,0.0,0.0
results_downlink\run_1m\run_1m_0udp_bbr_5GHz\run_20260929_204512,cwnd,continuous,120,2,0,2,0,2,0.0,0.0
results_downlink\run_1m\run_1m_0udp_bbr_5GHz\run_20260929_204512,throughput_mbps,continuous,120,2,3,5,1,4,2.5,0.8333333333333334
results_downlink\run_1m\run_1m_0udp_bbr_5GHz\run_20260929_204512,frequency_mhz,discrete,120,0,0,0,0,0,0.0,0.0
results_downlink\run_1m\run_1m_0udp_bbr_5GHz\run_20260929_204512,channel,discrete,120,0,0,0,0,0,0.0,0.0
results_downlink\run_1m\run_1m_0udp_bbr_5GHz\run_20260929_204512,mcs,discrete,120,0,0,0,0,0,0.0,0.0
results_downlink\run_1m\run_1m_0udp_bbr_5GHz\run_20260929_204512,tx_retries,counter,120,0,0,0,0,0,0.0,0.0
results_downlink\run_1m\run_1m_0udp_bbr_5GHz\run_20260929_204512,tx_failed,counter,120,0,0,0,0,0,0.0,0.0
results_downlink\run_1m\run_1m_0udp_bbr_5GHz\run_20260929_204512,retrans,counter,120,120,0,120,0,120,0.0,0.0
results_downlink\run_1m\run_1m_0udp_bbr_5GHz\run_20260929_204512,lost,counter,120,120,0,120,0,120,0.0,0.0
results_downlink\run_1m\run_1m_0udp_bbr_5GHz\run_20260929_204512,total_retrans,counter,120,120,0,120,0,120,0.0,0.0
results_downlink\run_1m\run_1m_0udp_bbr_5GHz\run_20260929_204747,rssi_dbm,continuous,121,0,1,1,1,0,0.8264462809917356,0.8264462809917356
results_downlink\run_1m\run_1m_0udp_bbr_5GHz\run_20260929_204747,snr_db,continuous,121,121,0,121,0,121,0.0,0.0
results_downlink\run_1m\run_1m_0udp_bbr_5GHz\run_20260929_204747,tx_bitrate_mbps,continuous,121,0,0,0,0,0,0.0,0.0
results_downlink\run_1m\run_1m_0udp_bbr_5GHz\run_20260929_204747,rx_bitrate_mbps,continuous,121,0,10,10,10,0,8.264462809917356,8.264462809917356
results_downlink\run_1m\run_1m_0udp_bbr_5GHz\run_20260929_204747,signal_avg,continuous,121,0,0,0,0,0,0.0,0.0
results_downlink\run_1m\run_1m_0udp_bbr_5GHz\run_20260929_204747,expected_throughput,continuous,121,121,0,121,0,121,0.0,0.0
results_downlink\run_1m\run_1m_0udp_bbr_5GHz\run_20260929_204747,rtt_ms,continuous,121,2,2,4,0,4,1.6528925619834711,0.0
results_downlink\run_1m\run_1m_0udp_bbr_5GHz\run_20260929_204747,rttvar_ms,continuous,121,2,2,4,0,4,1.6528925619834711,0.0
results_downlink\run_1m\run_1m_0udp_bbr_5GHz\run_20260929_204747,cwnd,continuous,121,2,0,2,0,2,0.0,0.0
results_downlink\run_1m\run_1m_0udp_bbr_5GHz\run_20260929_204747,throughput_mbps,continuous,121,4,2,6,0,6,1.6528925619834711,0.0
results_downlink\run_1m\run_1m_0udp_bbr_5GHz\run_20260929_204747,frequency_mhz,discrete,121,0,0,0,0,0,0.0,0.0
results_downlink\run_1m\run_1m_0udp_bbr_5GHz\run_20260929_204747,channel,discrete,121,0,0,0,0,0,0.0,0.0
results_downlink\run_1m\run_1m_0udp_bbr_5GHz\run_20260929_204747,mcs,discrete,121,0,0,0,0,0,0.0,0.0
results_downlink\run_1m\run_1m_0udp_bbr_5GHz\run_20260929_204747,tx_retries,counter,121,0,0,0,0,0,0.0,0.0
results_downlink\run_1m\run_1m_0udp_bbr_5GHz\run_20260929_204747,tx_failed,counter,121,0,0,0,0,0,0.0,0.0
results_downlink\run_1m\run_1m_0udp_bbr_5GHz\run_20260929_204747,retrans,counter,121,121,0,121,0,121,0.0,0.0
results_downlink\run_1m\run_1m_0udp_bbr_5GHz\run_20260929_204747,lost,counter,121,121,0,121,0,121,0.0,0.0
results_downlink\run_1m\run_1m_0udp_bbr_5GHz\run_20260929_204747,total_retrans,counter,121,121,0,121,0,121,0.0,0.0
results_downlink\run_1m\run_1m_0udp_cubic_5GHz\run_20260929_213036,rssi_dbm,continuous,120,0,0,0,0,0,0.0,0.0
results_downlink\run_1m\run_1m_0udp_cubic_5GHz\run_20260929_213036,snr_db,continuous,120,120,0,120,0,120,0.0,0.0
results_downlink\run_1m\run_1m_0udp_cubic_5GHz\run_20260929_213036,tx_bitrate_mbps,continuous,120,0,12,12,9,3,10.0,7.5
results_downlink\run_1m\run_1m_0udp_cubic_5GHz\run_20260929_213036,rx_bitrate_mbps,continuous,120,0,5,5,5,0,4.166666666666666,4.166666666666666
results_downlink\run_1m\run_1m_0udp_cubic_5GHz\run_20260929_213036,signal_avg,continuous,120,0,10,10,10,0,8.333333333333332,8.333333333333332
results_downlink\run_1m\run_1m_0udp_cubic_5GHz\run_20260929_213036,expected_throughput,continuous,120,120,0,120,0,120,0.0,0.0
results_downlink\run_1m\run_1m_0udp_cubic_5GHz\run_20260929_213036,rtt_ms,continuous,120,2,0,2,0,2,0.0,0.0
results_downlink\run_1m\run_1m_0udp_cubic_5GHz\run_20260929_213036,rttvar_ms,continuous,120,2,0,2,0,2,0.0,0.0
results_downlink\run_1m\run_1m_0udp_cubic_5GHz\run_20260929_213036,cwnd,continuous,120,2,0,2,0,2,0.0,0.0
results_downlink\run_1m\run_1m_0udp_cubic_5GHz\run_20260929_213036,throughput_mbps,continuous,120,3,3,6,1,5,2.5,0.8333333333333334
results_downlink\run_1m\run_1m_0udp_cubic_5GHz\run_20260929_213036,frequency_mhz,discrete,120,0,0,0,0,0,0.0,0.0
results_downlink\run_1m\run_1m_0udp_cubic_5GHz\run_20260929_213036,channel,discrete,120,0,0,0,0,0,0.0,0.0
results_downlink\run_1m\run_1m_0udp_cubic_5GHz\run_20260929_213036,mcs,discrete,120,0,0,0,0,0,0.0,0.0
results_downlink\run_1m\run_1m_0udp_cubic_5GHz\run_20260929_213036,tx_retries,counter,120,0,0,0,0,0,0.0,0.0
results_downlink\run_1m\run_1m_0udp_cubic_5GHz\run_20260929_213036,tx_failed,counter,120,0,0,0,0,0,0.0,0.0
results_downlink\run_1m\run_1m_0udp_cubic_5GHz\run_20260929_213036,retrans,counter,120,120,0,120,0,120,0.0,0.0
results_downlink\run_1m\run_1m_0udp_cubic_5GHz\run_20260929_213036,lost,counter,120,120,0,120,0,120,0.0,0.0
results_downlink\run_1m\run_1m_0udp_cubic_5GHz\run_20260929_213036,total_retrans,counter,120,120,0,120,0,120,0.0,0.0
results_downlink\run_1m\run_1m_0udp_cubic_5GHz\run_20260929_213720,rssi_dbm,continuous,120,0,2,2,2,0,1.6666666666666667,1.6666666666666667
results_downlink\run_1m\run_1m_0udp_cubic_5GHz\run_20260929_213720,snr_db,continuous,120,120,0,120,0,120,0.0,0.0
results_downlink\run_1m\run_1m_0udp_cubic_5GHz\run_20260929_213720,tx_bitrate_mbps,continuous,120,0,8,8,5,3,6.666666666666667,4.166666666666666
results_downlink\run_1m\run_1m_0udp_cubic_5GHz\run_20260929_213720,rx_bitrate_mbps,continuous,120,0,3,3,0,3,2.5,0.0
results_downlink\run_1m\run_1m_0udp_cubic_5GHz\run_20260929_213720,signal_avg,continuous,120,0,1,1,1,0,0.8333333333333334,0.8333333333333334
results_downlink\run_1m\run_1m_0udp_cubic_5GHz\run_20260929_213720,expected_throughput,continuous,120,120,0,120,0,120,0.0,0.0
results_downlink\run_1m\run_1m_0udp_cubic_5GHz\run_20260929_213720,rtt_ms,continuous,120,2,0,2,0,2,0.0,0.0
results_downlink\run_1m\run_1m_0udp_cubic_5GHz\run_20260929_213720,rttvar_ms,continuous,120,2,0,2,0,2,0.0,0.0
results_downlink\run_1m\run_1m_0udp_cubic_5GHz\run_20260929_213720,cwnd,continuous,120,2,0,2,0,2,0.0,0.0
results_downlink\run_1m\run_1m_0udp_cubic_5GHz\run_20260929_213720,throughput_mbps,continuous,120,7,2,9,6,3,1.6666666666666667,5.0
results_downlink\run_1m\run_1m_0udp_cubic_5GHz\run_20260929_213720,frequency_mhz,discrete,120,0,0,0,0,0,0.0,0.0
results_downlink\run_1m\run_1m_0udp_cubic_5GHz\run_20260929_213720,channel,discrete,120,0,0,0,0,0,0.0,0.0
results_downlink\run_1m\run_1m_0udp_cubic_5GHz\run_20260929_213720,mcs,discrete,120,0,0,0,0,0,0.0,0.0
results_downlink\run_1m\run_1m_0udp_cubic_5GHz\run_20260929_213720,tx_retries,counter,120,0,0,0,0,0,0.0,0.0
results_downlink\run_1m\run_1m_0udp_cubic_5GHz\run_20260929_213720,tx_failed,counter,120,0,0,0,0,0,0.0,0.0
results_downlink\run_1m\run_1m_0udp_cubic_5GHz\run_20260929_213720,retrans,counter,120,120,0,120,0,120,0.0,0.0
results_downlink\run_1m\run_1m_0udp_cubic_5GHz\run_20260929_213720,lost,counter,120,120,0,120,0,120,0.0,0.0
results_downlink\run_1m\run_1m_0udp_cubic_5GHz\run_20260929_213720,total_retrans,counter,120,120,0,120,0,120,0.0,0.0
results_downlink\run_1m\run_1m_0udp_cubic_5GHz\run_20260929_214044,rssi_dbm,continuous,120,0,0,0,0,0,0.0,0.0
results_downlink\run_1m\run_1m_0udp_cubic_5GHz\run_20260929_214044,snr_db,continuous,120,120,0,120,0,120,0.0,0.0
results_downlink\run_1m\run_1m_0udp_cubic_5GHz\run_20260929_214044,tx_bitrate_mbps,continuous,120,0,2,2,2,0,1.6666666666666667,1.6666666666666667
results_downlink\run_1m\run_1m_0udp_cubic_5GHz\run_20260929_214044,rx_bitrate_mbps,continuous,120,0,7,7,5,2,5.833333333333333,4.166666666666666
results_downlink\run_1m\run_1m_0udp_cubic_5GHz\run_20260929_214044,signal_avg,continuous,120,0,1,1,1,0,0.8333333333333334,0.8333333333333334
results_downlink\run_1m\run_1m_0udp_cubic_5GHz\run_20260929_214044,expected_throughput,continuous,120,120,0,120,0,120,0.0,0.0
results_downlink\run_1m\run_1m_0udp_cubic_5GHz\run_20260929_214044,rtt_ms,continuous,120,2,0,2,0,2,0.0,0.0
results_downlink\run_1m\run_1m_0udp_cubic_5GHz\run_20260929_214044,rttvar_ms,continuous,120,2,0,2,0,2,0.0,0.0
results_downlink\run_1m\run_1m_0udp_cubic_5GHz\run_20260929_214044,cwnd,continuous,120,2,0,2,0,2,0.0,0.0
results_downlink\run_1m\run_1m_0udp_cubic_5GHz\run_20260929_214044,throughput_mbps,continuous,120,3,0,3,0,3,0.0,0.0
results_downlink\run_1m\run_1m_0udp_cubic_5GHz\run_20260929_214044,frequency_mhz,discrete,120,0,0,0,0,0,0.0,0.0
results_downlink\run_1m\run_1m_0udp_cubic_5GHz\run_20260929_214044,channel,discrete,120,0,0,0,0,0,0.0,0.0
results_downlink\run_1m\run_1m_0udp_cubic_5GHz\run_20260929_214044,mcs,discrete,120,0,0,0,0,0,0.0,0.0
results_downlink\run_1m\run_1m_0udp_cubic_5GHz\run_20260929_214044,tx_retries,counter,120,0,0,0,0,0,0.0,0.0
results_downlink\run_1m\run_1m_0udp_cubic_5GHz\run_20260929_214044,tx_failed,counter,120,0,0,0,0,0,0.0,0.0
results_downlink\run_1m\run_1m_0udp_cubic_5GHz\run_20260929_214044,retrans,counter,120,120,0,120,0,120,0.0,0.0
results_downlink\run_1m\run_1m_0udp_cubic_5GHz\run_20260929_214044,lost,counter,120,120,0,120,0,120,0.0,0.0
results_downlink\run_1m\run_1m_0udp_cubic_5GHz\run_20260929_214044,total_retrans,counter,120,120,0,120,0,120,0.0,0.0
results_downlink\run_1m\run_1m_50udp_bbr_5GHz\run_20260929_205032,rssi_dbm,continuous,120,0,2,2,2,0,1.6666666666666667,1.6666666666666667
results_downlink\run_1m\run_1m_50udp_bbr_5GHz\run_20260929_205032,snr_db,continuous,120,120,0,120,0,120,0.0,0.0
results_downlink\run_1m\run_1m_50udp_bbr_5GHz\run_20260929_205032,tx_bitrate_mbps,continuous,120,0,0,0,0,0,0.0,0.0
results_downlink\run_1m\run_1m_50udp_bbr_5GHz\run_20260929_205032,rx_bitrate_mbps,continuous,120,0,4,4,4,0,3.3333333333333335,3.3333333333333335
results_downlink\run_1m\run_1m_50udp_bbr_5GHz\run_20260929_205032,signal_avg,continuous,120,0,5,5,5,0,4.166666666666666,4.166666666666666
results_downlink\run_1m\run_1m_50udp_bbr_5GHz\run_20260929_205032,expected_throughput,continuous,120,120,0,120,0,120,0.0,0.0
results_downlink\run_1m\run_1m_50udp_bbr_5GHz\run_20260929_205032,rtt_ms,continuous,120,2,0,2,0,2,0.0,0.0
results_downlink\run_1m\run_1m_50udp_bbr_5GHz\run_20260929_205032,rttvar_ms,continuous,120,2,0,2,0,2,0.0,0.0
results_downlink\run_1m\run_1m_50udp_bbr_5GHz\run_20260929_205032,cwnd,continuous,120,2,0,2,0,2,0.0,0.0
results_downlink\run_1m\run_1m_50udp_bbr_5GHz\run_20260929_205032,throughput_mbps,continuous,120,2,1,3,0,3,0.8333333333333334,0.0
results_downlink\run_1m\run_1m_50udp_bbr_5GHz\run_20260929_205032,frequency_mhz,discrete,120,0,0,0,0,0,0.0,0.0
results_downlink\run_1m\run_1m_50udp_bbr_5GHz\run_20260929_205032,channel,discrete,120,0,0,0,0,0,0.0,0.0
results_downlink\run_1m\run_1m_50udp_bbr_5GHz\run_20260929_205032,mcs,discrete,120,0,0,0,0,0,0.0,0.0
results_downlink\run_1m\run_1m_50udp_bbr_5GHz\run_20260929_205032,tx_retries,counter,120,0,0,0,0,0,0.0,0.0
results_downlink\run_1m\run_1m_50udp_bbr_5GHz\run_20260929_205032,tx_failed,counter,120,0,0,0,0,0,0.0,0.0
results_downlink\run_1m\run_1m_50udp_bbr_5GHz\run_20260929_205032,retrans,counter,120,120,0,120,0,120,0.0,0.0
results_downlink\run_1m\run_1m_50udp_bbr_5GHz\run_20260929_205032,lost,counter,120,120,0,120,0,120,0.0,0.0
results_downlink\run_1m\run_1m_50udp_bbr_5GHz\run_20260929_205032,total_retrans,counter,120,120,0,120,0,120,0.0,0.0
results_downlink\run_1m\run_1m_50udp_bbr_5GHz\run_20260929_205316,rssi_dbm,continuous,119,0,1,1,1,0,0.8403361344537815,0.8403361344537815
results_downlink\run_1m\run_1m_50udp_bbr_5GHz\run_20260929_205316,snr_db,continuous,119,119,0,119,0,119,0.0,0.0
results_downlink\run_1m\run_1m_50udp_bbr_5GHz\run_20260929_205316,tx_bitrate_mbps,continuous,119,0,6,6,4,2,5.042016806722689,3.361344537815126
results_downlink\run_1m\run_1m_50udp_bbr_5GHz\run_20260929_205316,rx_bitrate_mbps,continuous,119,0,4,4,2,2,3.361344537815126,1.680672268907563
results_downlink\run_1m\run_1m_50udp_bbr_5GHz\run_20260929_205316,signal_avg,continuous,119,0,1,1,1,0,0.8403361344537815,0.8403361344537815
results_downlink\run_1m\run_1m_50udp_bbr_5GHz\run_20260929_205316,expected_throughput,continuous,119,119,0,119,0,119,0.0,0.0
results_downlink\run_1m\run_1m_50udp_bbr_5GHz\run_20260929_205316,rtt_ms,continuous,119,2,0,2,0,2,0.0,0.0
results_downlink\run_1m\run_1m_50udp_bbr_5GHz\run_20260929_205316,rttvar_ms,continuous,119,2,0,2,0,2,0.0,0.0
results_downlink\run_1m\run_1m_50udp_bbr_5GHz\run_20260929_205316,cwnd,continuous,119,2,0,2,0,2,0.0,0.0
results_downlink\run_1m\run_1m_50udp_bbr_5GHz\run_20260929_205316,throughput_mbps,continuous,119,2,2,4,2,2,1.680672268907563,1.680672268907563
results_downlink\run_1m\run_1m_50udp_bbr_5GHz\run_20260929_205316,frequency_mhz,discrete,119,0,0,0,0,0,0.0,0.0
results_downlink\run_1m\run_1m_50udp_bbr_5GHz\run_20260929_205316,channel,discrete,119,0,0,0,0,0,0.0,0.0
results_downlink\run_1m\run_1m_50udp_bbr_5GHz\run_20260929_205316,mcs,discrete,119,0,0,0,0,0,0.0,0.0
results_downlink\run_1m\run_1m_50udp_bbr_5GHz\run_20260929_205316,tx_retries,counter,119,0,0,0,0,0,0.0,0.0
results_downlink\run_1m\run_1m_50udp_bbr_5GHz\run_20260929_205316,tx_failed,counter,119,0,0,0,0,0,0.0,0.0
results_downlink\run_1m\run_1m_50udp_bbr_5GHz\run_20260929_205316,retrans,counter,119,119,0,119,0,119,0.0,0.0
results_downlink\run_1m\run_1m_50udp_bbr_5GHz\run_20260929_205316,lost,counter,119,119,0,119,0,119,0.0,0.0
results_downlink\run_1m\run_1m_50udp_bbr_5GHz\run_20260929_205316,total_retrans,counter,119,119,0,119,0,119,0.0,0.0
results_downlink\run_1m\run_1m_50udp_bbr_5GHz\run_20260929_205634,rssi_dbm,continuous,120,0,2,2,2,0,1.6666666666666667,1.6666666666666667
results_downlink\run_1m\run_1m_50udp_bbr_5GHz\run_20260929_205634,snr_db,continuous,120,120,0,120,0,120,0.0,0.0
results_downlink\run_1m\run_1m_50udp_bbr_5GHz\run_20260929_205634,tx_bitrate_mbps,continuous,120,0,2,2,2,0,1.6666666666666667,1.6666666666666667
results_downlink\run_1m\run_1m_50udp_bbr_5GHz\run_20260929_205634,rx_bitrate_mbps,continuous,120,0,7,7,7,0,5.833333333333333,5.833333333333333
results_downlink\run_1m\run_1m_50udp_bbr_5GHz\run_20260929_205634,signal_avg,continuous,120,0,4,4,3,1,3.3333333333333335,2.5
results_downlink\run_1m\run_1m_50udp_bbr_5GHz\run_20260929_205634,expected_throughput,continuous,120,120,0,120,0,120,0.0,0.0
results_downlink\run_1m\run_1m_50udp_bbr_5GHz\run_20260929_205634,rtt_ms,continuous,120,2,0,2,0,2,0.0,0.0
results_downlink\run_1m\run_1m_50udp_bbr_5GHz\run_20260929_205634,rttvar_ms,continuous,120,2,0,2,0,2,0.0,0.0
results_downlink\run_1m\run_1m_50udp_bbr_5GHz\run_20260929_205634,cwnd,continuous,120,2,0,2,0,2,0.0,0.0
results_downlink\run_1m\run_1m_50udp_bbr_5GHz\run_20260929_205634,throughput_mbps,continuous,120,3,0,3,0,3,0.0,0.0
results_downlink\run_1m\run_1m_50udp_bbr_5GHz\run_20260929_205634,frequency_mhz,discrete,120,0,0,0,0,0,0.0,0.0
results_downlink\run_1m\run_1m_50udp_bbr_5GHz\run_20260929_205634,channel,discrete,120,0,0,0,0,0,0.0,0.0
results_downlink\run_1m\run_1m_50udp_bbr_5GHz\run_20260929_205634,mcs,discrete,120,0,0,0,0,0,0.0,0.0
results_downlink\run_1m\run_1m_50udp_bbr_5GHz\run_20260929_205634,tx_retries,counter,120,0,0,0,0,0,0.0,0.0
results_downlink\run_1m\run_1m_50udp_bbr_5GHz\run_20260929_205634,tx_failed,counter,120,0,0,0,0,0,0.0,0.0
results_downlink\run_1m\run_1m_50udp_bbr_5GHz\run_20260929_205634,retrans,counter,120,120,0,120,0,120,0.0,0.0
results_downlink\run_1m\run_1m_50udp_bbr_5GHz\run_20260929_205634,lost,counter,120,120,0,120,0,120,0.0,0.0
results_downlink\run_1m\run_1m_50udp_bbr_5GHz\run_20260929_205634,total_retrans,counter,120,120,0,120,0,120,0.0,0.0
results_downlink\run_1m\run_1m_50udp_cubic_5GHz\run_20260929_215837,rssi_dbm,continuous,121,0,2,2,2,0,1.6528925619834711,1.6528925619834711
results_downlink\run_1m\run_1m_50udp_cubic_5GHz\run_20260929_215837,snr_db,continuous,121,121,0,121,0,121,0.0,0.0
results_downlink\run_1m\run_1m_50udp_cubic_5GHz\run_20260929_215837,tx_bitrate_mbps,continuous,121,0,5,5,5,0,4.132231404958678,4.132231404958678
results_downlink\run_1m\run_1m_50udp_cubic_5GHz\run_20260929_215837,rx_bitrate_mbps,continuous,121,0,0,0,0,0,0.0,0.0
results_downlink\run_1m\run_1m_50udp_cubic_5GHz\run_20260929_215837,signal_avg,continuous,121,0,5,5,4,1,4.132231404958678,3.3057851239669422
results_downlink\run_1m\run_1m_50udp_cubic_5GHz\run_20260929_215837,expected_throughput,continuous,121,121,0,121,0,121,0.0,0.0
results_downlink\run_1m\run_1m_50udp_cubic_5GHz\run_20260929_215837,rtt_ms,continuous,121,2,1,3,0,3,0.8264462809917356,0.0
results_downlink\run_1m\run_1m_50udp_cubic_5GHz\run_20260929_215837,rttvar_ms,continuous,121,2,1,3,0,3,0.8264462809917356,0.0
results_downlink\run_1m\run_1m_50udp_cubic_5GHz\run_20260929_215837,cwnd,continuous,121,2,0,2,0,2,0.0,0.0
results_downlink\run_1m\run_1m_50udp_cubic_5GHz\run_20260929_215837,throughput_mbps,continuous,121,4,2,6,2,4,1.6528925619834711,1.6528925619834711
results_downlink\run_1m\run_1m_50udp_cubic_5GHz\run_20260929_215837,frequency_mhz,discrete,121,0,0,0,0,0,0.0,0.0
results_downlink\run_1m\run_1m_50udp_cubic_5GHz\run_20260929_215837,channel,discrete,121,0,0,0,0,0,0.0,0.0
results_downlink\run_1m\run_1m_50udp_cubic_5GHz\run_20260929_215837,mcs,discrete,121,0,0,0,0,0,0.0,0.0
results_downlink\run_1m\run_1m_50udp_cubic_5GHz\run_20260929_215837,tx_retries,counter,121,0,0,0,0,0,0.0,0.0
results_downlink\run_1m\run_1m_50udp_cubic_5GHz\run_20260929_215837,tx_failed,counter,121,0,0,0,0,0,0.0,0.0
results_downlink\run_1m\run_1m_50udp_cubic_5GHz\run_20260929_215837,retrans,counter,121,121,0,121,0,121,0.0,0.0
results_downlink\run_1m\run_1m_50udp_cubic_5GHz\run_20260929_215837,lost,counter,121,121,0,121,0,121,0.0,0.0
results_downlink\run_1m\run_1m_50udp_cubic_5GHz\run_20260929_215837,total_retrans,counter,121,121,0,121,0,121,0.0,0.0
results_downlink\run_1m\run_1m_50udp_cubic_5GHz\run_20260929_221239,rssi_dbm,continuous,117,0,3,3,3,0,2.564102564102564,2.564102564102564
results_downlink\run_1m\run_1m_50udp_cubic_5GHz\run_20260929_221239,snr_db,continuous,117,117,0,117,0,117,0.0,0.0
results_downlink\run_1m\run_1m_50udp_cubic_5GHz\run_20260929_221239,tx_bitrate_mbps,continuous,117,0,0,0,0,0,0.0,0.0
results_downlink\run_1m\run_1m_50udp_cubic_5GHz\run_20260929_221239,rx_bitrate_mbps,continuous,117,0,7,7,7,0,5.982905982905983,5.982905982905983
results_downlink\run_1m\run_1m_50udp_cubic_5GHz\run_20260929_221239,signal_avg,continuous,117,0,1,1,1,0,0.8547008547008548,0.8547008547008548
results_downlink\run_1m\run_1m_50udp_cubic_5GHz\run_20260929_221239,expected_throughput,continuous,117,117,0,117,0,117,0.0,0.0
results_downlink\run_1m\run_1m_50udp_cubic_5GHz\run_20260929_221239,rtt_ms,continuous,117,2,0,2,0,2,0.0,0.0
results_downlink\run_1m\run_1m_50udp_cubic_5GHz\run_20260929_221239,rttvar_ms,continuous,117,2,0,2,0,2,0.0,0.0
results_downlink\run_1m\run_1m_50udp_cubic_5GHz\run_20260929_221239,cwnd,continuous,117,2,0,2,0,2,0.0,0.0
results_downlink\run_1m\run_1m_50udp_cubic_5GHz\run_20260929_221239,throughput_mbps,continuous,117,2,7,9,7,2,5.982905982905983,5.982905982905983
results_downlink\run_1m\run_1m_50udp_cubic_5GHz\run_20260929_221239,frequency_mhz,discrete,117,0,0,0,0,0,0.0,0.0
results_downlink\run_1m\run_1m_50udp_cubic_5GHz\run_20260929_221239,channel,discrete,117,0,0,0,0,0,0.0,0.0
results_downlink\run_1m\run_1m_50udp_cubic_5GHz\run_20260929_221239,mcs,discrete,117,0,0,0,0,0,0.0,0.0
results_downlink\run_1m\run_1m_50udp_cubic_5GHz\run_20260929_221239,tx_retries,counter,117,0,0,0,0,0,0.0,0.0
results_downlink\run_1m\run_1m_50udp_cubic_5GHz\run_20260929_221239,tx_failed,counter,117,0,0,0,0,0,0.0,0.0
results_downlink\run_1m\run_1m_50udp_cubic_5GHz\run_20260929_221239,retrans,counter,117,117,0,117,0,117,0.0,0.0
results_downlink\run_1m\run_1m_50udp_cubic_5GHz\run_20260929_221239,lost,counter,117,117,0,117,0,117,0.0,0.0
results_downlink\run_1m\run_1m_50udp_cubic_5GHz\run_20260929_221239,total_retrans,counter,117,117,0,117,0,117,0.0,0.0
results_downlink\run_1m\run_1m_50udp_cubic_5GHz\run_20260929_225720,rssi_dbm,continuous,120,0,4,4,2,2,3.3333333333333335,1.6666666666666667
results_downlink\run_1m\run_1m_50udp_cubic_5GHz\run_20260929_225720,snr_db,continuous,120,120,0,120,0,120,0.0,0.0
results_downlink\run_1m\run_1m_50udp_cubic_5GHz\run_20260929_225720,tx_bitrate_mbps,continuous,120,0,0,0,0,0,0.0,0.0
results_downlink\run_1m\run_1m_50udp_cubic_5GHz\run_20260929_225720,rx_bitrate_mbps,continuous,120,0,4,4,2,2,3.3333333333333335,1.6666666666666667
results_downlink\run_1m\run_1m_50udp_cubic_5GHz\run_20260929_225720,signal_avg,continuous,120,0,7,7,5,2,5.833333333333333,4.166666666666666
results_downlink\run_1m\run_1m_50udp_cubic_5GHz\run_20260929_225720,expected_throughput,continuous,120,120,0,120,0,120,0.0,0.0
results_downlink\run_1m\run_1m_50udp_cubic_5GHz\run_20260929_225720,rtt_ms,continuous,120,2,0,2,0,2,0.0,0.0
results_downlink\run_1m\run_1m_50udp_cubic_5GHz\run_20260929_225720,rttvar_ms,continuous,120,2,0,2,0,2,0.0,0.0
results_downlink\run_1m\run_1m_50udp_cubic_5GHz\run_20260929_225720,cwnd,continuous,120,2,0,2,0,2,0.0,0.0
results_downlink\run_1m\run_1m_50udp_cubic_5GHz\run_20260929_225720,throughput_mbps,continuous,120,2,1,3,1,2,0.8333333333333334,0.8333333333333334
results_downlink\run_1m\run_1m_50udp_cubic_5GHz\run_20260929_225720,frequency_mhz,discrete,120,0,0,0,0,0,0.0,0.0
results_downlink\run_1m\run_1m_50udp_cubic_5GHz\run_20260929_225720,channel,discrete,120,0,0,0,0,0,0.0,0.0
results_downlink\run_1m\run_1m_50udp_cubic_5GHz\run_20260929_225720,mcs,discrete,120,0,0,0,0,0,0.0,0.0
results_downlink\run_1m\run_1m_50udp_cubic_5GHz\run_20260929_225720,tx_retries,counter,120,0,0,0,0,0,0.0,0.0
results_downlink\run_1m\run_1m_50udp_cubic_5GHz\run_20260929_225720,tx_failed,counter,120,0,0,0,0,0,0.0,0.0
results_downlink\run_1m\run_1m_50udp_cubic_5GHz\run_20260929_225720,retrans,counter,120,120,0,120,0,120,0.0,0.0
results_downlink\run_1m\run_1m_50udp_cubic_5GHz\run_20260929_225720,lost,counter,120,120,0,120,0,120,0.0,0.0
results_downlink\run_1m\run_1m_50udp_cubic_5GHz\run_20260929_225720,total_retrans,counter,120,120,0,120,0,120,0.0,0.0
results_downlink\run_1m\run_1m_80udp_bbr_5GHz\run_20260929_211949,rssi_dbm,continuous,120,0,0,0,0,0,0.0,0.0
results_downlink\run_1m\run_1m_80udp_bbr_5GHz\run_20260929_211949,snr_db,continuous,120,120,0,120,0,120,0.0,0.0
results_downlink\run_1m\run_1m_80udp_bbr_5GHz\run_20260929_211949,tx_bitrate_mbps,continuous,120,0,5,5,3,2,4.166666666666666,2.5
results_downlink\run_1m\run_1m_80udp_bbr_5GHz\run_20260929_211949,rx_bitrate_mbps,continuous,120,0,7,7,4,3,5.833333333333333,3.3333333333333335
results_downlink\run_1m\run_1m_80udp_bbr_5GHz\run_20260929_211949,signal_avg,continuous,120,0,7,7,0,7,5.833333333333333,0.0
results_downlink\run_1m\run_1m_80udp_bbr_5GHz\run_20260929_211949,expected_throughput,continuous,120,120,0,120,0,120,0.0,0.0
results_downlink\run_1m\run_1m_80udp_bbr_5GHz\run_20260929_211949,rtt_ms,continuous,120,2,2,4,0,4,1.6666666666666667,0.0
results_downlink\run_1m\run_1m_80udp_bbr_5GHz\run_20260929_211949,rttvar_ms,continuous,120,2,1,3,1,2,0.8333333333333334,0.8333333333333334
results_downlink\run_1m\run_1m_80udp_bbr_5GHz\run_20260929_211949,cwnd,continuous,120,2,0,2,0,2,0.0,0.0
results_downlink\run_1m\run_1m_80udp_bbr_5GHz\run_20260929_211949,throughput_mbps,continuous,120,3,0,3,0,3,0.0,0.0
results_downlink\run_1m\run_1m_80udp_bbr_5GHz\run_20260929_211949,frequency_mhz,discrete,120,0,0,0,0,0,0.0,0.0
results_downlink\run_1m\run_1m_80udp_bbr_5GHz\run_20260929_211949,channel,discrete,120,0,0,0,0,0,0.0,0.0
results_downlink\run_1m\run_1m_80udp_bbr_5GHz\run_20260929_211949,mcs,discrete,120,0,0,0,0,0,0.0,0.0
results_downlink\run_1m\run_1m_80udp_bbr_5GHz\run_20260929_211949,tx_retries,counter,120,0,0,0,0,0,0.0,0.0
results_downlink\run_1m\run_1m_80udp_bbr_5GHz\run_20260929_211949,tx_failed,counter,120,0,0,0,0,0,0.0,0.0
results_downlink\run_1m\run_1m_80udp_bbr_5GHz\run_20260929_211949,retrans,counter,120,119,0,119,0,119,0.0,0.0
results_downlink\run_1m\run_1m_80udp_bbr_5GHz\run_20260929_211949,lost,counter,120,120,0,120,0,120,0.0,0.0
results_downlink\run_1m\run_1m_80udp_bbr_5GHz\run_20260929_211949,total_retrans,counter,120,119,0,119,0,119,0.0,0.0
results_downlink\run_1m\run_1m_80udp_bbr_5GHz\run_20260929_212250,rssi_dbm,continuous,119,0,5,5,4,1,4.201680672268908,3.361344537815126
results_downlink\run_1m\run_1m_80udp_bbr_5GHz\run_20260929_212250,snr_db,continuous,119,119,0,119,0,119,0.0,0.0
results_downlink\run_1m\run_1m_80udp_bbr_5GHz\run_20260929_212250,tx_bitrate_mbps,continuous,119,0,0,0,0,0,0.0,0.0
results_downlink\run_1m\run_1m_80udp_bbr_5GHz\run_20260929_212250,rx_bitrate_mbps,continuous,119,0,2,2,2,0,1.680672268907563,1.680672268907563
results_downlink\run_1m\run_1m_80udp_bbr_5GHz\run_20260929_212250,signal_avg,continuous,119,0,0,0,0,0,0.0,0.0
results_downlink\run_1m\run_1m_80udp_bbr_5GHz\run_20260929_212250,expected_throughput,continuous,119,119,0,119,0,119,0.0,0.0
results_downlink\run_1m\run_1m_80udp_bbr_5GHz\run_20260929_212250,rtt_ms,continuous,119,2,0,2,0,2,0.0,0.0
results_downlink\run_1m\run_1m_80udp_bbr_5GHz\run_20260929_212250,rttvar_ms,continuous,119,2,0,2,0,2,0.0,0.0
results_downlink\run_1m\run_1m_80udp_bbr_5GHz\run_20260929_212250,cwnd,continuous,119,2,0,2,0,2,0.0,0.0
results_downlink\run_1m\run_1m_80udp_bbr_5GHz\run_20260929_212250,throughput_mbps,continuous,119,2,1,3,1,2,0.8403361344537815,0.8403361344537815
results_downlink\run_1m\run_1m_80udp_bbr_5GHz\run_20260929_212250,frequency_mhz,discrete,119,0,0,0,0,0,0.0,0.0
results_downlink\run_1m\run_1m_80udp_bbr_5GHz\run_20260929_212250,channel,discrete,119,0,0,0,0,0,0.0,0.0
results_downlink\run_1m\run_1m_80udp_bbr_5GHz\run_20260929_212250,mcs,discrete,119,0,0,0,0,0,0.0,0.0
results_downlink\run_1m\run_1m_80udp_bbr_5GHz\run_20260929_212250,tx_retries,counter,119,0,0,0,0,0,0.0,0.0
results_downlink\run_1m\run_1m_80udp_bbr_5GHz\run_20260929_212250,tx_failed,counter,119,0,0,0,0,0,0.0,0.0
results_downlink\run_1m\run_1m_80udp_bbr_5GHz\run_20260929_212250,retrans,counter,119,119,0,119,0,119,0.0,0.0
results_downlink\run_1m\run_1m_80udp_bbr_5GHz\run_20260929_212250,lost,counter,119,119,0,119,0,119,0.0,0.0
results_downlink\run_1m\run_1m_80udp_bbr_5GHz\run_20260929_212250,total_retrans,counter,119,119,0,119,0,119,0.0,0.0
results_downlink\run_1m\run_1m_80udp_bbr_5GHz\run_20260929_212617,rssi_dbm,continuous,119,0,0,0,0,0,0.0,0.0
results_downlink\run_1m\run_1m_80udp_bbr_5GHz\run_20260929_212617,snr_db,continuous,119,119,0,119,0,119,0.0,0.0
results_downlink\run_1m\run_1m_80udp_bbr_5GHz\run_20260929_212617,tx_bitrate_mbps,continuous,119,0,0,0,0,0,0.0,0.0
results_downlink\run_1m\run_1m_80udp_bbr_5GHz\run_20260929_212617,rx_bitrate_mbps,continuous,119,0,7,7,5,2,5.88235294117647,4.201680672268908
results_downlink\run_1m\run_1m_80udp_bbr_5GHz\run_20260929_212617,signal_avg,continuous,119,0,3,3,1,2,2.5210084033613445,0.8403361344537815
results_downlink\run_1m\run_1m_80udp_bbr_5GHz\run_20260929_212617,expected_throughput,continuous,119,119,0,119,0,119,0.0,0.0
results_downlink\run_1m\run_1m_80udp_bbr_5GHz\run_20260929_212617,rtt_ms,continuous,119,2,0,2,0,2,0.0,0.0
results_downlink\run_1m\run_1m_80udp_bbr_5GHz\run_20260929_212617,rttvar_ms,continuous,119,2,0,2,0,2,0.0,0.0
results_downlink\run_1m\run_1m_80udp_bbr_5GHz\run_20260929_212617,cwnd,continuous,119,2,0,2,0,2,0.0,0.0
results_downlink\run_1m\run_1m_80udp_bbr_5GHz\run_20260929_212617,throughput_mbps,continuous,119,2,0,2,0,2,0.0,0.0
results_downlink\run_1m\run_1m_80udp_bbr_5GHz\run_20260929_212617,frequency_mhz,discrete,119,0,0,0,0,0,0.0,0.0
results_downlink\run_1m\run_1m_80udp_bbr_5GHz\run_20260929_212617,channel,discrete,119,0,0,0,0,0,0.0,0.0
results_downlink\run_1m\run_1m_80udp_bbr_5GHz\run_20260929_212617,mcs,discrete,119,0,0,0,0,0,0.0,0.0
results_downlink\run_1m\run_1m_80udp_bbr_5GHz\run_20260929_212617,tx_retries,counter,119,0,0,0,0,0,0.0,0.0
results_downlink\run_1m\run_1m_80udp_bbr_5GHz\run_20260929_212617,tx_failed,counter,119,0,0,0,0,0,0.0,0.0
results_downlink\run_1m\run_1m_80udp_bbr_5GHz\run_20260929_212617,retrans,counter,119,119,0,119,0,119,0.0,0.0
results_downlink\run_1m\run_1m_80udp_bbr_5GHz\run_20260929_212617,lost,counter,119,119,0,119,0,119,0.0,0.0
results_downlink\run_1m\run_1m_80udp_bbr_5GHz\run_20260929_212617,total_retrans,counter,119,119,0,119,0,119,0.0,0.0
results_downlink\run_1m\run_1m_80udp_cubic_5GHz\run_20260929_230026,rssi_dbm,continuous,120,0,0,0,0,0,0.0,0.0
results_downlink\run_1m\run_1m_80udp_cubic_5GHz\run_20260929_230026,snr_db,continuous,120,120,0,120,0,120,0.0,0.0
results_downlink\run_1m\run_1m_80udp_cubic_5GHz\run_20260929_230026,tx_bitrate_mbps,continuous,120,0,0,0,0,0,0.0,0.0
results_downlink\run_1m\run_1m_80udp_cubic_5GHz\run_20260929_230026,rx_bitrate_mbps,continuous,120,0,5,5,5,0,4.166666666666666,4.166666666666666
results_downlink\run_1m\run_1m_80udp_cubic_5GHz\run_20260929_230026,signal_avg,continuous,120,0,1,1,1,0,0.8333333333333334,0.8333333333333334
results_downlink\run_1m\run_1m_80udp_cubic_5GHz\run_20260929_230026,expected_throughput,continuous,120,120,0,120,0,120,0.0,0.0
results_downlink\run_1m\run_1m_80udp_cubic_5GHz\run_20260929_230026,rtt_ms,continuous,120,2,0,2,0,2,0.0,0.0
results_downlink\run_1m\run_1m_80udp_cubic_5GHz\run_20260929_230026,rttvar_ms,continuous,120,2,0,2,0,2,0.0,0.0
results_downlink\run_1m\run_1m_80udp_cubic_5GHz\run_20260929_230026,cwnd,continuous,120,2,0,2,0,2,0.0,0.0
results_downlink\run_1m\run_1m_80udp_cubic_5GHz\run_20260929_230026,throughput_mbps,continuous,120,3,0,3,0,3,0.0,0.0
results_downlink\run_1m\run_1m_80udp_cubic_5GHz\run_20260929_230026,frequency_mhz,discrete,120,0,0,0,0,0,0.0,0.0
results_downlink\run_1m\run_1m_80udp_cubic_5GHz\run_20260929_230026,channel,discrete,120,0,0,0,0,0,0.0,0.0
results_downlink\run_1m\run_1m_80udp_cubic_5GHz\run_20260929_230026,mcs,discrete,120,0,0,0,0,0,0.0,0.0
results_downlink\run_1m\run_1m_80udp_cubic_5GHz\run_20260929_230026,tx_retries,counter,120,0,0,0,0,0,0.0,0.0
results_downlink\run_1m\run_1m_80udp_cubic_5GHz\run_20260929_230026,tx_failed,counter,120,0,0,0,0,0,0.0,0.0
results_downlink\run_1m\run_1m_80udp_cubic_5GHz\run_20260929_230026,retrans,counter,120,120,0,120,0,120,0.0,0.0
results_downlink\run_1m\run_1m_80udp_cubic_5GHz\run_20260929_230026,lost,counter,120,120,0,120,0,120,0.0,0.0
results_downlink\run_1m\run_1m_80udp_cubic_5GHz\run_20260929_230026,total_retrans,counter,120,120,0,120,0,120,0.0,0.0
results_downlink\run_1m\run_1m_80udp_cubic_5GHz\run_20260929_230454,rssi_dbm,continuous,120,0,3,3,3,0,2.5,2.5
results_downlink\run_1m\run_1m_80udp_cubic_5GHz\run_20260929_230454,snr_db,continuous,120,120,0,120,0,120,0.0,0.0
results_downlink\run_1m\run_1m_80udp_cubic_5GHz\run_20260929_230454,tx_bitrate_mbps,continuous,120,0,3,3,3,0,2.5,2.5
results_downlink\run_1m\run_1m_80udp_cubic_5GHz\run_20260929_230454,rx_bitrate_mbps,continuous,120,0,6,6,4,2,5.0,3.3333333333333335
results_downlink\run_1m\run_1m_80udp_cubic_5GHz\run_20260929_230454,signal_avg,continuous,120,0,2,2,2,0,1.6666666666666667,1.6666666666666667
results_downlink\run_1m\run_1m_80udp_cubic_5GHz\run_20260929_230454,expected_throughput,continuous,120,120,0,120,0,120,0.0,0.0
results_downlink\run_1m\run_1m_80udp_cubic_5GHz\run_20260929_230454,rtt_ms,continuous,120,2,0,2,0,2,0.0,0.0
results_downlink\run_1m\run_1m_80udp_cubic_5GHz\run_20260929_230454,rttvar_ms,continuous,120,2,0,2,0,2,0.0,0.0
results_downlink\run_1m\run_1m_80udp_cubic_5GHz\run_20260929_230454,cwnd,continuous,120,2,0,2,0,2,0.0,0.0
results_downlink\run_1m\run_1m_80udp_cubic_5GHz\run_20260929_230454,throughput_mbps,continuous,120,3,3,6,3,3,2.5,2.5
results_downlink\run_1m\run_1m_80udp_cubic_5GHz\run_20260929_230454,frequency_mhz,discrete,120,0,0,0,0,0,0.0,0.0
results_downlink\run_1m\run_1m_80udp_cubic_5GHz\run_20260929_230454,channel,discrete,120,0,0,0,0,0,0.0,0.0
results_downlink\run_1m\run_1m_80udp_cubic_5GHz\run_20260929_230454,mcs,discrete,120,0,0,0,0,0,0.0,0.0
results_downlink\run_1m\run_1m_80udp_cubic_5GHz\run_20260929_230454,tx_retries,counter,120,0,0,0,0,0,0.0,0.0
results_downlink\run_1m\run_1m_80udp_cubic_5GHz\run_20260929_230454,tx_failed,counter,120,0,0,0,0,0,0.0,0.0
results_downlink\run_1m\run_1m_80udp_cubic_5GHz\run_20260929_230454,retrans,counter,120,120,0,120,0,120,0.0,0.0
results_downlink\run_1m\run_1m_80udp_cubic_5GHz\run_20260929_230454,lost,counter,120,120,0,120,0,120,0.0,0.0
results_downlink\run_1m\run_1m_80udp_cubic_5GHz\run_20260929_230454,total_retrans,counter,120,120,0,120,0,120,0.0,0.0
results_downlink\run_1m\run_1m_80udp_cubic_5GHz\run_20260929_230856,rssi_dbm,continuous,120,0,5,5,5,0,4.166666666666666,4.166666666666666
results_downlink\run_1m\run_1m_80udp_cubic_5GHz\run_20260929_230856,snr_db,continuous,120,120,0,120,0,120,0.0,0.0
results_downlink\run_1m\run_1m_80udp_cubic_5GHz\run_20260929_230856,tx_bitrate_mbps,continuous,120,0,0,0,0,0,0.0,0.0
results_downlink\run_1m\run_1m_80udp_cubic_5GHz\run_20260929_230856,rx_bitrate_mbps,continuous,120,0,7,7,5,2,5.833333333333333,4.166666666666666
results_downlink\run_1m\run_1m_80udp_cubic_5GHz\run_20260929_230856,signal_avg,continuous,120,0,0,0,0,0,0.0,0.0
results_downlink\run_1m\run_1m_80udp_cubic_5GHz\run_20260929_230856,expected_throughput,continuous,120,120,0,120,0,120,0.0,0.0
results_downlink\run_1m\run_1m_80udp_cubic_5GHz\run_20260929_230856,rtt_ms,continuous,120,2,0,2,0,2,0.0,0.0
results_downlink\run_1m\run_1m_80udp_cubic_5GHz\run_20260929_230856,rttvar_ms,continuous,120,2,0,2,0,2,0.0,0.0
results_downlink\run_1m\run_1m_80udp_cubic_5GHz\run_20260929_230856,cwnd,continuous,120,2,0,2,0,2,0.0,0.0
results_downlink\run_1m\run_1m_80udp_cubic_5GHz\run_20260929_230856,throughput_mbps,continuous,120,3,2,5,2,3,1.6666666666666667,1.6666666666666667
results_downlink\run_1m\run_1m_80udp_cubic_5GHz\run_20260929_230856,frequency_mhz,discrete,120,0,0,0,0,0,0.0,0.0
results_downlink\run_1m\run_1m_80udp_cubic_5GHz\run_20260929_230856,channel,discrete,120,0,0,0,0,0,0.0,0.0
results_downlink\run_1m\run_1m_80udp_cubic_5GHz\run_20260929_230856,mcs,discrete,120,0,0,0,0,0,0.0,0.0
results_downlink\run_1m\run_1m_80udp_cubic_5GHz\run_20260929_230856,tx_retries,counter,120,0,0,0,0,0,0.0,0.0
results_downlink\run_1m\run_1m_80udp_cubic_5GHz\run_20260929_230856,tx_failed,counter,120,0,0,0,0,0,0.0,0.0
results_downlink\run_1m\run_1m_80udp_cubic_5GHz\run_20260929_230856,retrans,counter,120,120,0,120,0,120,0.0,0.0
results_downlink\run_1m\run_1m_80udp_cubic_5GHz\run_20260929_230856,lost,counter,120,120,0,120,0,120,0.0,0.0
results_downlink\run_1m\run_1m_80udp_cubic_5GHz\run_20260929_230856,total_retrans,counter,120,120,0,120,0,120,0.0,0.0
